course,EX,A,B,C,D,P,F,session
AE40037-PHYSICS OF FLUID FLOW EXPERIMENTS ,0,0,1,0,0,0,0,Spring 22
AE48002-COMPREHENSIVE VIVA VOCE ,0,0,2,4,3,2,0,Spring 22
AE51003-APPLIED ELASTICITY & PLASTICITY ,0,0,0,1,0,1,0,Spring 22
AI60004- ,27,141,89,2,2,0,0,Spring 22
EP60004- ,4,12,14,16,10,2,0,Spring 22
ET60006- ,14,38,30,4,0,0,0,Spring 22
RX60019- ,5,19,37,87,1,0,0,Spring 22
AE51019-SMART STRUCTURES ,0,3,5,0,0,0,0,Spring 22
AI42001-MACHINE LEARNING FOUNDATIONS AND APPLICATIONS ,64,241,63,3,0,0,0,Spring 22
AI61002- ,8,98,82,8,1,1,0,Spring 22
AI61004- ,0,9,7,3,0,0,0,Spring 22
HS30054-SOCIOLOGY OF RESOURCE MANAGEMENT ,0,5,11,3,0,0,0,Spring 22
MA60002- ,10,10,2,1,0,0,0,Spring 22
AE48003-SUMMER TRAINING ,15,18,7,12,1,0,1,Autumn 22
AE51005-UNSTEADY AERODYNAMICS ,4,8,0,2,2,1,0,Autumn 22
AE57003-PROJECT ,9,15,3,1,0,0,0,Autumn 22
AE58001-COMPREHENSIVE VIVA VOCE ,0,1,7,8,9,3,0,Autumn 22
AI60007- ,5,4,9,6,5,2,0,Autumn 22
AI60201- ,10,25,39,27,7,2,0,Autumn 22
AE40033-FINITE ELEMENT METHODS ,0,3,1,0,0,0,0,Spring 22
AE40034-ADVANCED COMPUTATIONAL FLUID DYNAMICS ,0,1,1,2,2,0,0,Spring 22
AE51007-COMBUSTION PROCESSES IN JET ENGINES ,1,7,2,1,0,0,0,Spring 22
AE51018-INDUSTRIAL AERODYNAMICS ,2,3,2,1,0,0,0,Spring 22
AE61004- ,0,1,8,1,0,0,1,Spring 22
NT70002- ,5,6,4,7,3,0,0,Spring 22
AE61007- ,2,0,1,0,0,0,0,Autumn 22
KS20201-THEORIES OF LANGUAGE COMPREHENSION: INDIA AND BEYOND ,50,137,44,30,0,0,2,Autumn 22
EP60002- ,18,34,4,0,0,0,0,Spring 22
EP60042- ,37,22,3,0,0,0,0,Spring 22
ET60029- ,97,129,91,11,3,1,0,Spring 22
IM60054- ,1,5,7,0,0,1,0,Spring 22
AE40037-PHYSICS OF FLUID FLOW EXPERIMENTS ,8,8,4,2,0,0,0,Autumn 22
KS60001- ,46,157,211,85,16,4,4,Autumn 22
AE47006-PROJECT - PART 2 ,5,9,5,2,0,0,0,Spring 22
EP60020- ,33,22,26,37,28,12,1,Spring 22
AE51003-APPLIED ELASTICITY & PLASTICITY ,0,5,3,3,1,1,0,Autumn 22
AE60006- ,2,2,2,1,1,1,0,Spring 22
EP60046- ,7,23,6,2,2,0,0,Spring 22
IP60162- ,0,2,2,9,3,0,0,Spring 22
SE60002- ,13,73,34,4,2,1,0,Spring 22
KS20203-PANINIAN GRAMMAR FROM COMPUTATIONAL PERSPECTIVE ,11,42,20,23,4,3,0,Autumn 22
CS21202-SWITCHING CIRCUITS AND LOGIC DESIGN ,12,65,67,21,4,3,1,Spring 22
CS29003-ALGORITHMS LABORATORY ,17,20,20,14,19,0,0,Spring 22
CS29204-SWITCHING CIRCUITS LABORATORY ,44,67,38,14,4,6,0,Spring 22
CS31702-COMPUTER ARCHITECTURE AND OPERATING SYSTEM ,24,81,64,12,2,1,0,Spring 22
EE61209- ,1,2,0,2,1,1,1,Autumn 22
ME61201- ,2,1,5,3,3,1,0,Autumn 22
EP60040- ,10,10,7,7,2,0,0,Spring 22
AE51019-SMART STRUCTURES ,2,1,1,2,0,1,0,Autumn 22
EP60008- ,14,34,16,3,1,0,0,Spring 22
AE40018-INTRODUCTION TO TURBULENCE ,1,1,1,6,0,2,0,Autumn 22
CR61036- ,0,0,1,0,0,0,0,Spring 22
HS51604-GERMAN ,4,16,12,1,0,0,0,Spring 22
CR61001- ,0,1,0,0,0,0,0,Autumn 22
CR61003- ,1,0,0,0,0,0,0,Autumn 22
CR61013- ,0,0,1,0,0,0,0,Autumn 22
AE40008-AEROELASTICITY ,0,0,0,1,0,0,0,Spring 22
AE51016-FRACTURE MECHANICS ,0,1,0,0,0,0,0,Spring 22
IM60213- ,0,0,1,0,1,2,0,Spring 22
AE40009-ROCKET PROPULSION ,1,2,3,2,2,1,1,Autumn 22
AI60002- ,4,31,42,23,2,1,0,Spring 22
RX60011- ,1,7,4,4,4,0,0,Spring 22
EP60006- ,9,20,20,1,0,0,0,Spring 22
RX60014- ,1,0,5,7,4,1,0,Autumn 22
RX60019- ,0,4,26,18,2,1,1,Autumn 22
ME60408- ,2,1,3,1,0,0,0,Spring 22
AE40019-AUTOMATIC CONTROL OF AIRCRAFT ,3,6,4,3,0,3,0,Autumn 22
MF41601-SOFT COMPUTING ,51,74,34,9,14,7,3,Autumn 22
AI60008- ,4,7,6,1,0,3,0,Spring 22
ID60017- ,0,0,0,2,0,0,0,Spring 22
MA41011-THEORY OF OPERATING SYSTEMS ,6,17,45,44,8,0,0,Spring 22
AI61009- ,2,12,13,10,3,0,0,Autumn 22
MA39203-DESIGN & ANALYSIS OF ALGORITHMS LAB ,34,51,23,0,0,0,0,Autumn 22
RX60021- ,4,10,15,28,6,0,0,Spring 22
MA30014-OPERATION RESEARCH ,67,68,12,4,0,0,0,Spring 22
MA39014-OPERATION RESEARCH LABORATORY ,20,32,30,5,2,1,1,Spring 22
AE61002- ,0,0,0,1,1,0,0,Spring 22
EE60014- ,0,0,2,1,0,1,0,Spring 22
AE40006-COMPOSITE STRUCTURES ,0,0,1,0,0,0,0,Spring 22
AI60006- ,9,21,10,12,3,0,0,Spring 22
AI61005- ,3,18,25,11,5,0,0,Spring 22
MA41010-NON LINEAR PROGRAMMING ,2,21,14,1,0,0,0,Spring 22
AI69002- ,14,16,3,3,0,0,1,Spring 22
AT60002- ,3,10,2,3,1,0,0,Spring 22
RX60017- ,2,6,18,19,5,1,0,Spring 22
AI58001-COMPREHENSIVE VIVA VOCE ,3,5,15,13,1,0,0,Autumn 22
AI67001- ,5,12,11,6,3,0,0,Autumn 22
CS21003-ALGORITHMS - I ,11,33,23,9,0,0,0,Spring 22
MA40004-FILE ORGANIZATION AND DATABASE SYSTEMS ,6,25,63,18,3,2,0,Spring 22
AI60003- ,12,25,42,15,12,2,0,Autumn 22
HS60084- ,3,7,3,0,0,0,0,Spring 22
HS50017-EQUITY RESEARCH ,2,5,2,0,2,0,0,Spring 22
EP60025- ,8,18,16,19,15,4,0,Autumn 22
EP60029- ,12,40,37,9,2,0,0,Autumn 22
EP67005- ,6,5,2,0,0,0,0,Autumn 22
AT60004- ,0,6,4,6,0,0,0,Spring 22
BM40006-FINANCIAL RISK MODELING ,4,7,10,7,2,1,1,Spring 22
BM40012-DERIVATIVES AND RISK MANAGEMENT ,8,13,6,4,1,1,0,Spring 22
BM49002-FINANCIAL ANALYTICS ,13,30,13,0,0,0,0,Spring 22
BM51001-INVESTMENT MANAGEMENT ,5,13,15,0,0,0,0,Autumn 22
BM59001-MODELING AND SIMULATION OF FINANCIAL SYSTEMS ,2,6,10,7,3,1,1,Autumn 22
FP58001-COMPREHENSIVE VIVA VOCE ,4,6,10,3,2,0,0,Autumn 22
FP67001- ,4,7,10,3,1,0,0,Autumn 22
HS51002-FINANCIAL ECONOMETRICS ,5,7,17,7,0,0,0,Autumn 22
MA61061- ,3,9,0,4,3,3,0,Autumn 22
IM61003- ,0,0,0,3,1,0,0,Spring 22
KS20203-PANINIAN GRAMMAR FROM COMPUTATIONAL PERSPECTIVE ,0,0,0,1,1,2,0,Spring 22
MA49011-THEORY OF OPERATING SYSTEMS LAB. ,6,18,37,21,7,1,0,Spring 22
subject subjec,0,0,0,0,0,0,0,t_session
AG48002-COMPREHENSIVE VIVA VOCE ,0,0,5,10,4,0,0,Spring 22
AG60008- ,0,2,1,0,0,1,1,Spring 22
AG60124- ,0,0,0,0,0,1,0,Spring 22
AG60201- ,0,0,0,0,0,0,1,Spring 22
AG47006-PROJECT - PART 2 ,0,5,4,1,0,0,0,Spring 22
AG60127- ,0,0,1,1,0,0,0,Spring 22
AG60129- ,0,0,0,0,1,0,0,Spring 22
AG60151- ,0,0,0,0,1,0,0,Spring 22
AG31026-ORGANIC FOOD CHAIN MANAGEMENT ,1,11,10,9,4,0,0,Spring 22
AG60209- ,0,0,0,0,0,0,1,Spring 22
AG60302- ,0,0,2,1,0,0,0,Spring 22
AG69008- ,0,0,3,0,0,0,0,Spring 22
AG48002-COMPREHENSIVE VIVA VOCE ,0,0,0,0,3,0,0,Autumn 22
AG48003-SUMMER TRAINING ,5,23,18,9,2,1,0,Autumn 22
AG57003-PROJECT - PART 3 ,0,7,8,10,0,1,0,Autumn 22
AG60127- ,2,7,7,0,0,0,0,Autumn 22
AG69011- ,0,3,0,0,0,0,0,Autumn 22
EP60010- ,24,37,4,4,0,4,0,Spring 22
AG69014- ,1,13,6,1,0,1,1,Spring 22
AG58001-COMPREHENSIVE VIVA VOCE ,0,2,5,8,8,0,0,Autumn 22
AG60063- ,1,5,10,4,3,0,0,Autumn 22
RD61003- ,0,1,1,1,1,0,0,Autumn 22
AG60062- ,0,2,1,2,0,0,0,Spring 22
BM40002-INTRODUCTION TO FINANCIAL MANAGEMENT ,18,34,14,0,0,0,0,Spring 22
RX61002- ,2,11,3,0,0,0,0,Spring 22
AG61693- ,1,0,1,1,0,0,0,Autumn 22
KS60001- ,0,0,2,1,2,0,0,Spring 22
AG60092- ,0,0,0,0,0,2,0,Spring 22
AG60203- ,0,1,4,5,3,2,0,Autumn 22
KS20201-THEORIES OF LANGUAGE COMPREHENSION: INDIA AND BEYOND ,0,1,2,0,0,0,0,Spring 22
AG60151- ,0,0,2,0,1,0,0,Autumn 22
CS61064- ,2,8,28,5,9,1,0,Spring 22
EP60005- ,9,13,23,20,17,6,0,Autumn 22
EP60007- ,18,28,19,6,6,0,1,Autumn 22
HS60003- ,0,0,2,0,0,1,0,Autumn 22
RX60012- ,0,1,3,7,0,0,0,Spring 22
ET60010- ,0,2,2,0,0,0,0,Spring 22
AR48008-OFFICE TRAINING ,1,10,18,3,0,0,0,Spring 22
AR48012-CRITICAL APPRAISAL ,0,10,12,9,1,0,0,Spring 22
AR48014-DOCUMENTATION OF INNOVATIVE DETAILS ,0,9,19,4,0,0,0,Spring 22
AR48016-FIELD OBSERVATION ,7,7,3,5,8,2,0,Spring 22
AR48018-SITE SUPERVISION ,1,6,10,11,4,0,0,Spring 22
AR40025-TALL BUILDING AND SERVICES ,0,4,4,9,13,2,0,Autumn 22
AR52001-CONSTRUCTION PROJECT MANAGEMENT ,11,12,7,2,0,1,0,Autumn 22
AR52003-PRINCIPLES OF TOWN PLANNING & URBAN DESIGN ,1,11,7,11,2,0,0,Autumn 22
AR53201-ARCHITECTURAL DESIGN - VI & FIELD STUDY ,3,8,15,6,0,0,0,Autumn 22
AR57101-PROJECT - I(THESIS) ,2,17,12,1,0,0,0,Autumn 22
EP60003- ,16,22,52,45,19,2,1,Autumn 22
HS29202-ECONOMETRIC ANALYSIS - I LABORATORY ,6,44,16,1,0,0,0,Spring 22
HS41004-BANKING THEORY AND PRACTICE ,4,13,23,12,4,0,0,Spring 22
HS49002-ECONOMETRIC ANALYSIS I LAB. ,6,45,15,0,0,0,0,Spring 22
HS30203-FINANCIAL INSTITUTIONS AND MARKETS ,2,8,36,16,7,2,1,Autumn 22
HS31076-INTRODUCTION TO LANGUAGE AND LINGUISTICS ,2,1,2,0,0,0,0,Autumn 22
EP60021- ,6,11,16,19,7,4,0,Autumn 22
HS30062-INTERNATIONAL BUSINESS ,6,9,20,9,5,0,0,Autumn 22
HS30057-SOCIOLOGY OF ECONOMICS DEVELOPMENT ,2,7,5,1,1,0,0,Autumn 22
BT41014-METABOLIC ENGINEERING ,0,0,3,7,1,0,0,Spring 22
BT41022-NEUROPHYSIOLOGY ,1,12,10,2,1,0,0,Spring 22
BT60004- ,2,9,3,3,0,0,0,Spring 22
MM72335- ,5,6,6,1,0,0,0,Spring 22
BT48017-INDUSTRIAL TRAINING ,10,17,11,0,0,0,0,Autumn 22
BT57003-THESIS (PROJECT) PART I ,4,7,6,1,1,0,0,Autumn 22
BT58001-COMPREHENSIVE VIVA VOCE ,5,4,5,5,0,0,0,Autumn 22
BT60003- ,2,4,4,1,7,1,0,Autumn 22
BT69007- ,5,3,9,2,0,0,0,Autumn 22
BT41012-DOWNSTREAM PROCESSING ,2,11,4,0,0,0,0,Spring 22
MM61228- ,2,8,4,1,0,0,0,Spring 22
MM61314- ,0,1,0,1,0,0,0,Spring 22
MM61511- ,1,4,0,0,0,0,0,Autumn 22
BT47006-PROJECT - PART 2 ,3,6,5,0,0,0,0,Spring 22
BT60016- ,0,3,1,0,0,0,0,Spring 22
BS60005- ,0,1,1,3,4,1,0,Autumn 22
RX60021- ,4,5,14,21,10,5,2,Autumn 22
MM61214- ,0,0,1,0,0,0,0,Spring 22
BS60003- ,3,0,4,4,5,1,1,Autumn 22
HS30066-VISUAL COMMUNICATION ,0,0,0,1,0,0,0,Spring 22
HS60005- ,3,3,5,3,3,0,0,Spring 22
AI42001-MACHINE LEARNING FOUNDATIONS AND APPLICATIONS ,21,37,40,20,3,1,1,Autumn 22
ES60008- ,0,3,1,0,0,0,0,Spring 22
AT60008- ,1,1,1,2,1,0,0,Spring 22
ES61209- ,0,1,1,0,0,1,0,Autumn 22
MA40011-FLUID MECHANICS ,2,9,10,7,19,16,2,Autumn 22
MM61313- ,0,1,0,0,0,0,0,Autumn 22
BT48026-COMPREHENSIVE VIVA VOCE ,1,4,1,1,0,0,0,Spring 22
HS40072-SOCIOLOGY OF  SCIENCE ,2,5,8,16,13,0,0,Spring 22
MA20208-STOCHASTIC PROCESSES AND APPLICATIONS ,50,101,31,6,1,2,0,Spring 22
CE60112- ,1,1,0,1,0,0,1,Spring 22
CE60132- ,0,1,3,4,0,0,0,Spring 22
CE60016- ,0,4,5,3,1,0,0,Spring 22
CE41028-STRUCTURAL HEALTH MONITORING ,1,5,5,2,3,0,0,Spring 22
CE48004-COMPREHENSIVE VIVA-VOCE ,0,1,4,2,3,1,0,Spring 22
CE42002-THEORY OF ELASTIC STABILITY ,0,2,4,0,1,1,0,Spring 22
CE42006-BEHAVIOUR OF RC STRUCTURES ,1,0,0,6,1,0,0,Spring 22
CE48001-INDUSTRIAL TRAINING ,13,24,29,20,2,1,1,Autumn 22
CE48003-COMPREHENSIVE VIVA-VOCE ,0,3,9,12,6,3,2,Autumn 22
CE57003-M.TECH PROJECT - I ,1,11,17,3,0,1,2,Autumn 22
CE60105- ,1,0,1,2,1,1,0,Autumn 22
CE60125- ,0,2,1,2,0,1,0,Autumn 22
CE61003- ,1,3,1,3,1,0,0,Autumn 22
CE69019- ,2,1,5,0,0,0,0,Autumn 22
CE60124- ,0,0,2,1,0,0,0,Spring 22
BM40004-INTRODUCTION TO HUMAN BEHAVIOUR IN ORGANISATION ,0,8,9,7,6,2,0,Spring 22
CE31306-ENVIRONMENTAL IMPACT ASSESSMENT AND AUDITING ,3,18,30,14,5,1,0,Spring 22
CE60012- ,1,5,2,0,0,0,0,Spring 22
CE60014- ,0,3,5,0,0,0,0,Spring 22
CE58003-SEMINAR ,0,4,2,2,0,0,0,Autumn 22
CE60061- ,0,2,0,3,1,1,0,Autumn 22
CE69007- ,1,2,2,3,0,0,0,Autumn 22
ET60012- ,3,16,15,14,7,6,0,Autumn 22
CE60016- ,2,0,3,1,0,1,0,Autumn 22
HS30001-INTRODUCTION TO SOCIOLOGY ,4,12,33,8,0,0,0,Spring 22
MA32010-FILE ORGANIZATION & DATABASE SYSTEMS ,0,0,4,0,1,0,0,Spring 22
CE47006-PROJECT-II ,0,4,2,2,0,0,0,Spring 22
CE60002- ,0,0,0,0,1,0,0,Spring 22
CE60006- ,0,0,0,1,0,0,0,Spring 22
CE60113- ,0,1,0,0,0,0,0,Autumn 22
CE69003- ,0,0,1,0,0,0,0,Autumn 22
CE60022- ,3,6,7,1,1,0,0,Spring 22
CE60028- ,0,3,12,0,0,2,1,Spring 22
CE69008- ,0,6,6,1,5,0,0,Spring 22
CE69013- ,2,6,7,3,0,0,0,Autumn 22
ET60029- ,40,232,194,15,1,0,0,Autumn 22
CE60213- ,0,4,4,4,1,0,0,Autumn 22
CE31104-STATISTICAL METHODS IN HYDROLOGY ,1,2,0,0,0,0,0,Spring 22
BM63097- ,0,0,0,0,0,1,0,Spring 22
CE60144- ,0,0,1,0,0,0,0,Spring 22
CE60207- ,0,0,1,1,0,0,0,Autumn 22
MA60067- ,1,0,1,4,0,0,0,Spring 22
MA30014-OPERATION RESEARCH ,0,3,3,2,2,0,0,Autumn 22
CE60136- ,0,0,1,0,0,0,0,Spring 22
EP60018- ,7,14,5,0,0,0,0,Spring 22
CE60105- ,0,0,0,0,0,1,0,Spring 22
MA61001- ,0,2,4,3,0,0,0,Autumn 22
GG52022-GROUNDWATER GEOLOGY ,0,18,8,1,0,0,0,Spring 22
CE41601-SOLID WASTE MANAGEMENT ,0,0,1,0,0,0,0,Spring 22
MA60259- ,0,0,0,0,1,0,0,Spring 22
CH61012- ,1,9,16,13,0,0,0,Spring 22
CH48013-INDUSTRIAL TRAINING ,9,32,41,9,9,1,0,Autumn 22
CH57003-M.TECH. PROJECT I ,3,13,13,6,1,0,3,Autumn 22
CH58001-COMPREHENSIVE VIVA VOCE ,1,9,15,10,3,1,0,Autumn 22
CH61011- ,1,4,5,9,10,14,0,Autumn 22
CH61015- ,3,5,9,7,10,4,1,Autumn 22
CH62049- ,0,1,2,0,0,1,0,Autumn 22
CH62010- ,2,1,2,3,0,0,0,Autumn 22
CH62008- ,0,2,0,1,0,0,0,Spring 22
MS31007-MATERIAL SCIENCE ,1,0,3,0,1,0,0,Spring 22
CH47024-PROJECT-II ,1,11,6,1,1,0,0,Spring 22
CS60016- ,0,10,7,8,0,0,0,Spring 22
CS60075- ,1,11,7,13,10,6,2,Spring 22
CH62050- ,0,0,1,0,0,0,0,Spring 22
MM61228- ,0,2,4,4,5,2,0,Autumn 22
CH62001- ,0,2,0,2,2,1,0,Autumn 22
CH62052- ,2,1,3,0,0,0,0,Spring 22
MA30110-ADVANCED NUMERICAL TECHNIQUES ,3,52,10,2,0,0,0,Spring 22
MA39110-NUMERICAL TECHNIQUES LABORATORY ,3,10,22,19,6,3,1,Spring 22
CH61017- ,5,6,0,0,0,0,0,Autumn 22
CH60016- ,0,1,3,0,0,0,0,Spring 22
CH70002- ,0,1,0,1,0,0,0,Spring 22
CS60021- ,5,4,1,1,4,0,1,Autumn 22
MA20206-THEORY OF COMPUTATIONS ,20,46,9,4,1,0,1,Spring 22
HS30054-SOCIOLOGY OF RESOURCE MANAGEMENT ,2,10,32,3,2,1,0,Autumn 22
MA30207-DESIGN & ANALYSIS OF ALGORITHMS ,37,73,46,17,1,0,0,Autumn 22
CH48014-COMPREHENSIVE VIVA-VOCE ,0,1,3,2,1,0,0,Spring 22
PE40002-HYDROCARBON PRODUCTION ENGINEERING ,1,4,0,0,0,0,0,Spring 22
PE60002- ,1,4,0,0,0,0,0,Spring 22
EX51001-BOREHOLE GEOPHYSICS ,11,6,14,5,10,2,1,Autumn 22
EX59005-BOREHOLE GEOPHYSICS LAB. ,15,23,9,1,0,0,1,Autumn 22
PE57001-PROJECT ,1,4,0,0,0,0,0,Autumn 22
PE60001- ,3,2,0,0,0,0,0,Autumn 22
PE60003- ,3,2,0,0,0,0,0,Autumn 22
PE69001- ,3,2,0,0,0,0,0,Autumn 22
PE69003- ,5,0,0,0,0,0,0,Autumn 22
ES61008- ,0,1,0,0,0,0,0,Spring 22
MM61316- ,1,0,1,0,0,0,0,Spring 22
MM77320- ,0,2,0,0,0,0,0,Spring 22
MS60032- ,0,1,1,1,0,0,0,Spring 22
HS51604-GERMAN ,8,6,2,1,0,0,0,Autumn 22
BS60003- ,0,0,0,0,0,1,0,Spring 22
CS48004-COMPREHENSIVE VIVA ,0,0,1,0,0,0,1,Spring 22
CS60094- ,1,3,1,2,0,1,0,Spring 22
CS61061- ,0,0,0,0,0,1,0,Spring 22
CS60002- ,7,7,9,3,2,0,0,Spring 22
CS60003- ,15,26,11,0,0,0,0,Spring 22
CS48003-SUMMER TRAINING ,113,8,2,0,0,0,0,Autumn 22
CS57003-PROJECT- PART 1 ,20,17,7,2,4,0,2,Autumn 22
CS58003-B.TECH. COMPREHENSIVE VIVA ,8,16,17,5,3,1,2,Autumn 22
CS59001-DESIGN LABORATORY ,30,7,6,2,2,4,1,Autumn 22
CS60050- ,21,25,26,17,16,4,0,Autumn 22
CS60059- ,18,38,34,7,0,1,1,Autumn 22
CS61065- ,10,12,14,5,3,2,0,Autumn 22
CS47006-PROJECT- PART 2 ,13,6,5,0,0,0,0,Spring 22
CS60010- ,31,33,8,3,0,0,0,Spring 22
AI61005- ,32,39,69,27,40,7,0,Autumn 22
CS60077- ,9,8,9,1,1,0,0,Autumn 22
CS40019-IMAGE PROCESSING ,16,22,19,15,4,1,0,Autumn 22
CS60092- ,7,17,20,5,7,0,0,Autumn 22
ET60023- ,3,8,20,12,12,8,1,Autumn 22
RX61002- ,4,17,17,6,0,0,0,Autumn 22
CS61061- ,9,18,14,11,7,10,1,Autumn 22
AI61003- ,6,19,20,25,11,29,0,Autumn 22
CS60081- ,13,21,16,12,5,1,0,Autumn 22
RX60017- ,1,8,21,18,6,2,0,Autumn 22
CS60092- ,3,6,14,9,4,1,0,Spring 22
CS60075- ,14,14,26,10,8,0,1,Autumn 22
CS43004-COMPUTER GRAPHICS ,3,1,0,1,0,0,0,Spring 22
ET60012- ,0,1,0,1,0,0,0,Spring 22
CS60073- ,3,1,0,0,1,1,1,Autumn 22
CS60111- ,0,0,1,0,0,2,0,Autumn 22
CS60064- ,10,2,0,0,2,0,0,Spring 22
CS60088- ,1,1,0,1,0,0,0,Spring 22
CS60050- ,8,9,4,3,2,0,0,Spring 22
CS60023- ,2,2,0,1,0,0,0,Spring 22
CS60025- ,5,15,13,4,0,0,0,Autumn 22
CS60083- ,1,2,2,1,0,0,0,Autumn 22
CS60081- ,0,0,0,0,0,1,0,Spring 22
CS60052- ,1,1,2,0,0,0,0,Spring 22
CS60045- ,16,29,21,14,18,8,0,Autumn 22
IP63150- ,0,0,0,0,0,1,0,Spring 22
CS40032-PRINCIPLES OF PROGRAMMING LANGUAGES ,12,37,16,1,1,0,0,Spring 22
CS60004- ,1,0,1,2,0,0,0,Spring 22
MS41004-POLYMER TECHNOLOGY ,3,5,4,0,0,0,0,Spring 22
CY41014-PRINCIPLES OF ORGANOMETALLICS & BIOINORGNIC CHEMISTRY ,0,16,38,20,1,0,0,Spring 22
CY41018-STRUCTURES & FUNCTION OF BIOMOLECULES ,8,51,14,2,0,0,0,Spring 22
CY49006-BIOCHEMICAL TECHNIQUES LABORATORY ,15,49,11,0,0,0,0,Spring 22
CY50033-SOLID STATE CHEMISTRY ,7,33,32,2,1,0,0,Spring 22
CY61044- ,1,10,10,0,0,0,0,Spring 22
CY51003-SPECTROSCOPIC METHODS OF STRUCTURE DETERMINATION ,14,25,20,11,5,1,0,Autumn 22
CY57005-PROJECT ,39,21,10,4,2,0,0,Autumn 22
CY58005-SUMMER TRAINING & SEMINAR ,2,5,6,9,0,0,0,Autumn 22
CY60003- ,12,14,21,9,3,0,0,Autumn 22
CY60023- ,6,20,12,5,1,0,0,Autumn 22
SE60002- ,4,24,15,11,4,3,1,Autumn 22
CY60004- ,9,11,8,9,5,1,0,Autumn 22
CY61039- ,0,0,1,1,0,0,0,Autumn 22
HS40085-LABOUR ECONOMICS ,2,10,19,12,0,0,0,Spring 22
HS30066-VISUAL COMMUNICATION ,4,7,8,10,0,0,0,Autumn 22
RX60012- ,0,4,10,15,4,1,0,Autumn 22
CS60029- ,2,0,1,2,1,0,0,Autumn 22
CY60019- ,1,1,2,0,0,0,0,Autumn 22
BT61030- ,5,17,20,5,1,1,0,Spring 22
MM60009- ,0,1,0,0,2,2,0,Autumn 22
EC48002-COMPREHENSIVE VIVA-VOCE ,6,15,24,19,6,2,0,Spring 22
EC60006- ,0,1,0,0,0,0,1,Spring 22
EC60064- ,0,1,0,0,0,0,0,Spring 22
EC60294- ,1,0,1,0,0,1,0,Spring 22
EE60006- ,0,1,0,0,1,0,0,Spring 22
EC60002- ,0,0,1,1,2,0,0,Spring 22
EC60004- ,1,3,1,0,0,0,0,Spring 22
TE60008- ,0,0,0,0,0,1,0,Spring 22
AI61006- ,2,8,8,0,3,0,0,Spring 22
EC47004-PROJECT-II ,13,9,5,4,1,1,0,Spring 22
EC60502- ,1,8,17,22,4,1,0,Spring 22
EC60202- ,5,3,1,0,1,0,0,Spring 22
EC60204- ,0,4,6,0,1,0,0,Spring 22
EC69202- ,7,2,1,0,0,0,0,Spring 22
CS61063- ,3,12,17,3,1,0,0,Autumn 22
EC48001-INDUSTRIAL TRAINING ,53,57,28,4,0,0,1,Autumn 22
EC57003-PROJECT ,10,28,22,2,3,0,0,Autumn 22
EC61405- ,5,7,3,0,0,0,0,Autumn 22
EC69205- ,1,6,3,0,0,0,0,Autumn 22
EC60296- ,0,1,2,0,0,0,0,Spring 22
HS20016-ENVIRONMENTAL HUMANITIES ,10,41,18,3,0,0,0,Spring 22
EC60309- ,6,3,1,0,0,0,0,Autumn 22
EC60013- ,8,12,9,12,3,5,0,Autumn 22
EC60016- ,1,0,0,0,0,0,0,Spring 22
AT60001- ,2,8,5,3,1,0,0,Autumn 22
EC60043- ,3,0,0,0,0,0,0,Autumn 22
TE61003- ,0,3,1,0,0,0,0,Autumn 22
PH60032- ,0,0,1,0,0,0,0,Spring 22
EC60291- ,10,3,4,0,0,2,0,Autumn 22
EC60297- ,5,4,0,1,0,1,0,Autumn 22
EC60504- ,14,25,14,3,0,0,0,Spring 22
EC60042- ,0,0,1,1,0,0,0,Spring 22
HS30096-MARKET MICRO STRUCTURE ,4,6,31,4,0,0,0,Spring 22
EC69021- ,2,0,0,0,0,0,0,Autumn 22
EC60007- ,0,0,1,0,0,0,0,Spring 22
HS30034-MANAGERIAL ECONOMICS ,0,0,1,0,0,0,0,Spring 22
EC60052- ,0,1,0,0,0,0,0,Spring 22
EC60054- ,0,0,1,0,0,0,0,Spring 22
EC60104- ,1,0,0,0,0,0,0,Spring 22
EC69402- ,0,0,1,0,0,0,0,Spring 22
HS30074-SCIENCE AND HUMANISM ,5,11,15,24,8,0,0,Spring 22
EC60011- ,5,12,5,8,0,0,0,Autumn 22
EC60021- ,0,1,1,0,1,1,0,Autumn 22
EC69502- ,21,23,2,3,3,0,0,Spring 22
EC60007- ,0,4,6,5,1,5,0,Autumn 22
EC69504- ,8,34,10,0,0,0,0,Autumn 22
AT67005- ,2,5,0,0,1,0,0,Autumn 22
EC61066- ,0,2,0,0,0,0,0,Spring 22
PH59008-MODERN PHYSICS LAB. ,6,17,10,0,0,0,0,Spring 22
PH60105- ,0,1,0,2,0,1,0,Spring 22
EC60023- ,1,1,0,1,0,0,0,Autumn 22
EC60203- ,1,1,5,1,0,0,0,Autumn 22
PH61009- ,2,4,2,5,5,5,0,Autumn 22
TE67001- ,0,2,0,0,0,0,0,Spring 22
EC60132- ,1,0,0,0,0,0,0,Spring 22
HS30033-ECONOMETRIC ANALYSIS ,0,25,18,3,4,0,0,Spring 22
CS60038- ,12,9,2,2,0,0,0,Autumn 22
EE60094- ,0,1,3,0,1,0,0,Autumn 22
MA51121-GRAPH THEORY AND ALGORITHMS ,20,19,17,11,17,13,4,Autumn 22
TE60001- ,6,1,2,2,0,0,0,Autumn 22
TE60114- ,1,1,0,0,1,0,0,Autumn 22
EE40002-ELECTRIC DRIVES ,1,3,11,13,10,2,1,Spring 22
EE48002-COMPREHENSIVE VIVA VOCE ,0,0,1,3,0,1,1,Spring 22
EE49004-POWER APPARATUS & SYSTEM DESIGN ,1,11,15,7,7,1,1,Spring 22
MA60241- ,0,0,0,0,0,0,1,Spring 22
EE60012- ,0,0,0,0,1,0,1,Spring 22
EE60020- ,0,0,1,0,2,1,1,Spring 22
EE60036- ,0,2,0,0,1,0,1,Spring 22
EE47008-PROJECT - PART 2 ,6,1,1,1,1,2,0,Spring 22
EE60002- ,0,0,0,1,1,0,0,Spring 22
EE60004- ,0,0,0,1,1,0,0,Spring 22
EE60082- ,0,0,3,2,1,2,0,Spring 22
AT60003- ,3,1,0,1,0,0,0,Autumn 22
EE48001-INDUSTRIAL TRAINING ,6,60,30,4,1,0,2,Autumn 22
EE57301-PROJECT - PART 3 ,0,1,1,0,0,0,0,Autumn 22
EE58003-COMPREHENSIVE VIVA - I ,1,4,10,14,6,1,0,Autumn 22
EE60003- ,0,0,0,2,0,0,0,Autumn 22
EE69003- ,0,2,0,0,0,0,0,Autumn 22
EE60101- ,3,9,15,10,3,0,0,Spring 22
EE60102- ,1,3,25,8,4,0,0,Spring 22
EE69014- ,6,10,15,7,2,1,0,Spring 22
EE57501-PROJECT - PART 3 ,1,2,11,9,7,3,0,Autumn 22
EE69019- ,3,14,18,3,0,0,0,Autumn 22
ET60007- ,5,8,13,5,3,1,0,Autumn 22
IM60051- ,5,11,6,5,6,1,0,Autumn 22
MM61513- ,2,0,0,0,0,0,0,Autumn 22
SE66001- ,1,1,0,3,0,0,0,Spring 22
EE60039- ,6,4,7,4,6,8,7,Autumn 22
EE60030- ,0,1,0,1,2,0,0,Spring 22
EE60024- ,0,0,0,1,0,0,0,Spring 22
EE60096- ,0,0,0,1,0,0,0,Spring 22
EE69018- ,0,0,1,0,0,0,0,Spring 22
EE57401-PROJECT - PART 3 ,0,1,0,0,0,0,0,Autumn 22
EE60005- ,0,1,0,0,0,0,0,Autumn 22
EE60019- ,1,0,1,0,0,0,0,Autumn 22
EE60053- ,0,0,0,0,1,2,0,Autumn 22
EE69011- ,0,0,1,1,0,0,0,Autumn 22
EC31006-MICROCONTROLLER & EMBEDDED SYSTEMS ,4,37,70,24,2,1,0,Spring 22
EX41002-ELECTROMAGNETIC METHODS OF  PROSPECTING ,0,0,5,13,2,0,0,Spring 22
EX41004-NUCLEAR GEOPHYSICS ,0,20,0,0,0,0,0,Spring 22
EX48018-GEOPHYSICAL FIELDWORK - I ,18,2,0,0,0,0,0,Spring 22
EX49002-ELECTROMAGNETIC METHODS LABORATORY ,1,5,9,3,0,2,0,Spring 22
EX49004-NUCLEAR GEOPHYSICS LABORATORY ,0,20,0,0,0,0,0,Spring 22
GG40004-SEQUENCE STRATIGRAPHY ,0,6,52,23,2,0,0,Spring 22
GG40006-ENVIRONMENTAL HAZARDS AND MITIGATION ,2,9,13,9,4,0,0,Spring 22
EX51003-REMOTE SENSING ,8,12,20,5,0,0,0,Autumn 22
EX57007-PROJECT ,4,4,6,0,0,6,0,Autumn 22
EX58003-SUMMER TRAINING/PROJECT/INTERNSHIP ,14,6,0,0,0,0,0,Autumn 22
GG60201- ,2,4,6,1,1,0,0,Autumn 22
EX50002-TECTONICS & GEODYNAMICS ,0,1,3,3,1,0,0,Spring 22
GG50023-MODELING AND SIMULATION OF GEOLOGICAL  PROCESSES ,3,11,2,7,3,1,0,Autumn 22
GG52007-ENERGY RESOURCES ,0,2,3,9,6,8,0,Autumn 22
GG40241-LIFE AND MASS EXTINCTIONS ,0,2,0,1,0,0,0,Autumn 22
CL61203- ,0,0,0,1,0,0,0,Autumn 22
CH61016- ,1,0,1,4,4,0,0,Spring 22
IE47006-PROJECT-II ,2,1,0,0,0,0,2,Spring 22
IE48002-COMPREHENSIVE VIVA VOCE ,0,0,0,0,0,1,0,Spring 22
EE60043- ,0,1,1,1,2,2,0,Autumn 22
EE69021- ,0,0,1,0,0,0,0,Autumn 22
IE48001-INDUSTRIAL TRAINING ,4,21,9,2,2,0,0,Autumn 22
IE57101-PROJECT - III ,0,0,0,1,0,0,0,Autumn 22
IE58101-COMPREHENSIVE VIVA - I ,0,1,0,0,5,3,0,Autumn 22
EE69001- ,1,3,4,0,0,0,0,Autumn 22
IE57201-PROJECT - III ,1,1,2,3,1,0,0,Autumn 22
EE30012-ELECTROMAGNETIC THEORY & APPL ,0,3,6,11,21,1,0,Spring 22
EE60062- ,0,5,1,4,4,1,0,Autumn 22
IM31014-DESIGN FOR ASSEMBLY AND AUTOMATION ,1,0,0,0,0,1,0,Spring 22
IM61026- ,1,6,3,0,1,0,0,Spring 22
IM48001-INDUSTRIAL TRAINING ,2,16,13,0,0,0,0,Autumn 22
IM60203- ,0,3,7,5,5,1,0,Autumn 22
IM47004-PROJECT-II ,4,3,5,2,0,1,0,Spring 22
IM60068- ,2,8,1,2,0,0,0,Spring 22
IM61020- ,0,5,2,0,0,0,0,Spring 22
IM57003-PROJECT - III ,7,22,22,8,0,0,1,Autumn 22
IM58003-COMPREHENSIVEVIVA VOCE ,3,7,6,7,5,0,0,Autumn 22
IM60059- ,7,6,9,6,8,3,0,Autumn 22
IM60205- ,0,1,7,2,4,2,0,Autumn 22
IM60213- ,6,11,4,4,2,1,1,Autumn 22
IM61007- ,1,0,0,1,0,0,0,Autumn 22
BM51002-MARKET MICROSTRUCTURE ,0,0,0,0,0,1,0,Spring 22
EP60020- ,24,22,20,14,8,9,0,Autumn 22
ME60353- ,11,9,4,0,0,1,1,Autumn 22
HS41002-ECONOMETRIC ANALYSIS I ,11,39,13,0,0,0,0,Spring 22
IM48002-COMPREHENSIVE VIVA VOCE ,0,1,1,1,0,0,0,Spring 22
GG50010-APPLIED MICROPALEONTOLOGY ,4,8,5,8,0,1,0,Spring 22
GG58006-FIELD WORK (6 WEEKS) ,0,26,0,0,0,0,0,Spring 22
GG59010-APPLIED MICROPALEONTOLOGY LABORATORY ,9,6,10,1,0,0,0,Spring 22
GG59022-GROUNDWATER GEOLOGY LABORATORY ,7,10,5,4,0,0,0,Spring 22
EX59003-REMOTE SENSING LAB. ,2,5,19,0,0,0,0,Autumn 22
GG57007-PROJECT ,4,7,11,4,0,0,0,Autumn 22
GG58005-SUMMER TRAINING/PROJECT/INTERNSHIP ,15,8,0,0,0,0,0,Autumn 22
GG59023-MODELING AND SIMULATION LABORATORY ,4,3,4,5,5,5,0,Autumn 22
HS70006- ,4,2,0,0,0,0,0,Spring 22
GG40013-PALEOBIOLOGY AND PALEOECOLOGY ,0,4,8,12,7,1,0,Autumn 22
GG40002-GEOEXPLORATION ,1,2,3,5,3,0,0,Autumn 22
CR61023- ,0,1,2,2,0,0,0,Autumn 22
GG52001-MARINE GEOSCIENCES ,11,21,4,1,1,0,0,Autumn 22
PE40001-PETROLEUM ENGINEERING FUNDAMENTALS ,0,2,1,2,2,0,0,Autumn 22
MA21007-DESIGN & ANALYSIS OF ALGORITHMS ,2,3,2,1,0,0,0,Autumn 22
HS40078-INTERNATIONAL TRADE ,4,31,14,2,0,0,0,Spring 22
HS50019-ECONOMIC MODELLING ,3,13,17,14,2,0,0,Spring 22
HS59001-APPLIED ECONOMETRICS LABORATORY ,9,23,14,3,0,1,0,Spring 22
HS60092- ,8,21,8,2,0,0,0,Spring 22
HS48001-INDUSTRIAL TRAINING ,13,17,19,1,0,0,0,Autumn 22
HS50001-ADVANCED ECONOMIC THEORY ,2,8,21,18,0,0,0,Autumn 22
HS50024-ECONOMICS OF CLIMATE CHANGE ,4,10,20,9,0,0,0,Autumn 22
HS50025-INTERNATIONAL FINANCE ,3,3,14,14,8,8,0,Autumn 22
HS57003-PROJECT & SEMINAR ,17,11,22,0,0,0,0,Autumn 22
CL60019- ,0,2,0,4,1,13,1,Autumn 22
MA21201-REAL ANALYSIS ,5,13,23,25,20,20,5,Autumn 22
MA30008-TOPOLOGY ,5,7,10,17,12,23,1,Autumn 22
MA30231-FUNCTIONAL ANALYSIS ,6,16,14,17,22,0,0,Autumn 22
HS40091-DERIVATIVES ,1,1,3,0,0,0,0,Autumn 22
MA60059- ,0,0,0,1,0,0,0,Autumn 22
EP60044- ,31,32,19,6,0,1,0,Autumn 22
MA40002-INTEGRAL EQUATIONS & VARIATIONAL METHODS ,10,25,13,4,4,0,0,Spring 22
MA41017-STOCHASTIC PROCESSES ,20,18,11,7,0,0,0,Spring 22
MA57011-PROJECT - PART I ,5,26,18,4,3,0,0,Autumn 22
MA58007-SUMMER TRAINING ,8,25,20,3,0,0,0,Autumn 22
MA61027- ,5,2,2,3,1,2,2,Autumn 22
TE30002-INTRODUCTION TO WIRELESS COMMUNICATIONS ,1,7,3,2,1,2,0,Autumn 22
MA60053- ,1,1,0,0,0,0,0,Spring 22
MA61008- ,0,2,1,2,0,0,0,Spring 22
BM60023- ,6,12,20,14,7,6,1,Autumn 22
MA60049- ,0,0,1,0,0,0,0,Autumn 22
HS20014-ECONOMICS OF SUSTIANABLE DEVELOPMENT ,4,3,3,0,0,0,0,Spring 22
MA71002- ,0,0,1,0,0,0,0,Spring 22
EP61201- ,3,3,2,2,8,5,0,Autumn 22
ME48602-COMPREHENSIVE VIVA ,5,8,15,9,6,1,0,Spring 22
ME60232- ,0,0,1,0,0,0,0,Spring 22
ME60234- ,0,3,24,13,1,0,0,Spring 22
ME60352- ,25,17,0,1,0,0,0,Spring 22
ME69008- ,0,0,0,1,0,0,0,Spring 22
MF30604-NON-TRADITIONAL MANUFACTURING PROCESSES ,0,2,41,31,1,4,0,Spring 22
ME60006- ,1,9,44,23,3,0,0,Spring 22
ME60012- ,3,5,10,9,1,1,1,Spring 22
ME60416- ,5,14,10,5,0,0,0,Spring 22
ME60430- ,14,27,43,16,0,0,0,Spring 22
ME47602-PROJECT-II ,15,16,14,4,2,1,0,Spring 22
ME60306- ,0,39,38,8,0,0,0,Spring 22
ME60350- ,9,47,5,1,0,1,0,Spring 22
CS21003-ALGORITHMS - I ,4,2,9,2,1,0,1,Autumn 22
ME48701-SUMMER TRAINING ,61,111,34,12,0,0,1,Autumn 22
ME57003-DUAL DEGREE PROJECT - PART I ,11,32,27,11,0,0,0,Autumn 22
ME58003-COMPREHENSIVE VIVA (UG) ,6,13,18,18,17,9,0,Autumn 22
ME60133- ,2,5,6,9,5,16,2,Autumn 22
ME60215- ,37,32,17,18,18,0,0,Autumn 22
ME61011- ,38,34,17,9,6,1,0,Autumn 22
ME60134- ,1,1,0,1,0,0,0,Spring 22
ME60236- ,1,0,0,0,0,0,0,Spring 22
ME60407- ,1,3,4,3,0,0,0,Autumn 22
ME60413- ,1,1,3,1,0,0,0,Autumn 22
ME60004- ,3,9,38,2,0,0,0,Spring 22
ME60231- ,7,7,3,3,2,8,0,Autumn 22
MF30003-ROBOTS AND COMPUTER CONTROLLED MACHINES ,7,60,5,0,0,0,0,Spring 22
ME60105- ,6,4,19,0,0,0,0,Autumn 22
AT67005- ,1,0,0,0,0,0,0,Spring 22
ME60133- ,0,0,0,0,0,1,0,Spring 22
ME60404- ,11,4,4,2,2,0,0,Spring 22
ME60014- ,3,5,0,0,0,0,0,Spring 22
ME60310- ,0,3,0,2,0,0,0,Spring 22
ME60017- ,2,5,3,4,0,2,0,Autumn 22
ME60073- ,1,4,0,0,0,0,0,Autumn 22
ME60085- ,0,0,1,2,1,2,0,Autumn 22
ME60111- ,2,3,3,3,0,0,0,Autumn 22
ME60131- ,0,1,1,1,0,0,0,Autumn 22
ME60136- ,0,1,0,0,0,0,0,Spring 22
ME60103- ,10,7,2,1,3,2,0,Autumn 22
ME60403- ,0,2,7,4,11,9,0,Autumn 22
ME60135- ,0,0,0,1,0,1,0,Autumn 22
ME60416- ,1,1,1,0,0,0,0,Autumn 22
ME60432- ,3,0,0,1,0,0,0,Spring 22
ME60414- ,0,1,0,0,0,0,0,Spring 22
IM60207- ,0,0,0,3,1,0,0,Autumn 22
IM60003- ,5,9,8,7,2,1,0,Autumn 22
IM60004- ,0,0,3,3,0,0,0,Spring 22
IM61207- ,0,0,1,1,1,0,0,Autumn 22
IM60006- ,0,1,6,3,0,0,0,Spring 22
HS31072-ENVIRONMENTAL ECONOMICS ,9,18,21,7,0,0,0,Autumn 22
EE60034- ,0,0,0,0,1,0,0,Spring 22
MT41007-JOINING OF METALS ,1,2,6,2,2,0,0,Spring 22
MT47002-PROJECT-II ,3,1,0,0,0,0,1,Spring 22
MT60006- ,2,7,3,0,2,0,0,Spring 22
MT60150- ,1,0,1,1,0,0,0,Spring 22
MT48001-INDUSTRIAL TRAINING ,10,5,0,0,0,0,1,Autumn 22
MT57003-PROJECT III ,4,5,2,4,0,0,0,Autumn 22
MT58001-COMPREHENSIVE VIVA VOCE ,2,3,2,6,3,0,0,Autumn 22
MT60005- ,2,2,4,2,2,0,1,Autumn 22
MT61141- ,2,2,3,3,0,2,0,Autumn 22
MT41034-METALLURGICAL FAILURE ANALYSIS ,1,0,0,0,0,0,0,Spring 22
MT41112-SURFACE ENGINEERING ,1,0,0,0,0,0,0,Spring 22
MT61138- ,0,1,0,0,0,0,0,Spring 22
MT60008- ,1,0,2,0,4,2,0,Autumn 22
MT61143- ,1,0,0,0,0,0,0,Autumn 22
MT41025-NON DESTRUCTIVE TESTING ,0,2,0,0,0,0,0,Spring 22
MT60148- ,0,4,2,0,0,0,0,Spring 22
MT41028-ATOMISTIC MODELLING OF MATERIALS ,2,0,1,0,1,0,0,Spring 22
MT61136- ,1,0,0,0,0,0,0,Spring 22
MS67103- ,0,0,1,0,0,0,0,Autumn 22
MT60139- ,0,2,0,0,0,0,1,Autumn 22
MT60134- ,0,0,0,1,1,0,0,Spring 22
MT60007- ,2,3,3,5,2,0,1,Autumn 22
MT61123- ,0,0,0,0,0,0,0,Spring 22
MT61151- ,0,0,1,0,1,2,0,Autumn 22
MS60030- ,0,1,2,0,0,0,0,Spring 22
MT48002-COMPREHENSIVE VIVA-VOCE ,0,1,2,0,0,0,0,Spring 22
MT48003-SUMMER TRAINING ,6,19,8,0,0,0,0,Autumn 22
IM20202-WORK SYSTEM DESIGN ,10,21,26,19,4,0,0,Spring 22
MI40004-MINE SAFETY & LEGISLATION ,5,26,15,3,0,0,0,Spring 22
MI47004-PROJECT ,3,7,4,4,0,0,0,Spring 22
MI48002-COMPREHENSIVE VIVA-VOCE ,1,3,16,15,0,0,0,Spring 22
MI60026- ,0,2,1,6,1,0,0,Spring 22
MI60035- ,0,7,24,6,0,0,0,Spring 22
MI60036- ,3,5,0,0,0,0,0,Spring 22
MI60045- ,2,2,21,5,1,0,0,Spring 22
MI48001-INDUSTRIAL TRAINING ,8,25,30,13,0,0,0,Autumn 22
MI50003-RESCUE AND DISASTER MANAGEMENT ,2,2,12,8,2,2,0,Autumn 22
MI57001-PROJECT ,4,9,17,7,2,0,0,Autumn 22
MI59001-NUMERICAL MODELLING LABORATORY-I ,2,4,8,8,3,0,0,Autumn 22
MI60047- ,14,13,12,19,4,2,0,Autumn 22
MI60235- ,2,2,10,16,13,4,0,Autumn 22
MI60215- ,7,6,11,15,9,0,0,Autumn 22
MI60016- ,3,0,3,1,0,0,0,Autumn 22
BM63088- ,0,0,1,0,0,0,0,Autumn 22
MI60227- ,0,2,3,0,0,0,0,Autumn 22
MI60039- ,0,1,0,1,0,0,0,Autumn 22
MI60210- ,4,11,3,3,0,0,0,Spring 22
MI40036-ADVANCED QUANTITATIVE DECISION MAKING ,0,1,0,0,0,0,0,Spring 22
MI45008-SAFETY ENGINEERING ,1,1,5,7,0,0,0,Spring 22
MI49001-SAFETY ENGINEERING LAB. ,0,12,2,0,0,0,0,Spring 22
MI58001-COMPREHENSIVE VIVA-VOCE ,0,0,4,10,0,0,0,Autumn 22
MI59003-RESCUE AND DISASTER MANAGEMENT LABORATORY ,6,7,1,0,0,0,0,Autumn 22
MI40042-TUNNELING & UNDERGROUND SPACE TECHNOLOGY ,7,9,16,23,6,0,0,Spring 22
PH41016-NUCLEAR AND PARTICLE PHYSICS -I ,0,5,65,13,4,0,0,Spring 22
MI60078- ,0,0,1,1,0,0,0,Spring 22
MI60042- ,1,0,0,0,0,0,0,Spring 22
NA40020-COMPUTATIONAL MARINE HYDRODYNAMICS ,2,4,2,1,1,2,0,Spring 22
NA48002-COMPREHENSIVE VIVA ,0,3,16,6,4,2,0,Spring 22
NA60038- ,0,2,2,13,7,3,0,Spring 22
NA60052- ,0,0,0,4,2,1,0,Spring 22
NA60060- ,1,4,1,0,2,1,0,Spring 22
NA60022- ,0,0,1,2,1,0,0,Spring 22
NA48001-INDUSTRIAL TRAINING ,5,10,21,12,1,0,1,Autumn 22
NA57003-PROJECT ,4,9,10,0,1,0,1,Autumn 22
NA59007-DESIGN LABORATORY ,2,6,7,5,4,0,1,Autumn 22
NA60003- ,0,0,0,0,2,1,0,Autumn 22
NA60014- ,2,4,4,0,0,0,0,Spring 22
NA47004-PROJECT-II ,4,9,0,0,1,0,1,Spring 22
NA60021- ,0,0,0,0,0,1,0,Spring 22
MA30227-OPTIMIZATION TECHNIQUES ,10,24,26,13,12,3,1,Autumn 22
NA61001- ,1,5,14,9,6,3,0,Autumn 22
NA60021- ,0,3,3,1,1,1,0,Autumn 22
NA60045- ,2,1,2,0,1,1,1,Autumn 22
NA60048- ,0,4,0,1,0,0,0,Spring 22
NA61005- ,0,0,1,5,3,0,1,Autumn 22
ES61201- ,0,0,1,2,0,1,0,Autumn 22
PH41009-ORDER AND CHAOS ,3,1,8,9,7,2,0,Spring 22
PH49014-CONDENSED MATTER PHYSICS LAB-II ,25,5,0,0,0,0,0,Spring 22
PH52002-ATOMIC AND MOLECULAR PHYSICS ,2,24,3,0,0,0,0,Spring 22
PH58036-INTRODUCTION TO ASTRONOMY & ASTROPHYSICS ,0,3,8,0,1,0,0,Spring 22
PH61007- ,1,2,3,4,1,1,0,Spring 22
PH51001-EXPERIMENTAL METHODS ,3,5,7,6,5,2,1,Autumn 22
PH51023-STATISTICAL PHYSICS-II ,2,2,6,7,5,6,1,Autumn 22
PH57001-PROJECT PART-I ,4,5,9,4,3,3,1,Autumn 22
PH58033-SUMMER TRAINING ,5,2,13,4,2,0,3,Autumn 22
PH60305- ,0,3,2,4,3,3,1,Autumn 22
PH60033- ,0,3,2,1,0,0,0,Spring 22
PH61010- ,1,4,0,1,1,0,0,Spring 22
AT60205- ,4,3,4,7,3,1,0,Autumn 22
PH60034- ,1,0,2,1,1,0,0,Autumn 22
PH60042- ,0,1,0,0,0,1,0,Autumn 22
EP60201- ,2,14,6,1,0,0,0,Autumn 22
PH60308- ,1,2,4,5,5,3,3,Autumn 22
CY61039- ,0,0,1,0,0,0,0,Spring 22
HS20002-GENERAL PSYCHOLOGY ,2,68,7,1,1,1,0,Spring 22
RD30005-FUNDAMENTALS OF RURAL INNOVATION AND MANAGEMENT ,3,6,7,6,2,3,0,Autumn 22
MA20104-PROBABILITY & STATISTICS ,0,0,1,0,0,0,0,Autumn 22
PH60309- ,0,1,2,1,0,1,0,Autumn 22
PH60109- ,1,1,0,0,0,0,0,Autumn 22
PH60308- ,0,0,0,1,0,1,0,Spring 22
PH60303- ,0,1,3,3,3,2,2,Autumn 22
PH60044- ,0,1,0,1,0,0,0,Spring 22
PH60406- ,2,0,1,1,0,1,0,Spring 22
PH60035- ,1,0,2,4,4,4,2,Autumn 22
CR60006- ,0,0,2,0,0,0,0,Spring 22
PH61014- ,0,1,0,0,0,0,0,Spring 22
CR61021- ,0,1,2,0,0,0,0,Autumn 22
AE31002-AEROSPACE STRUCTURAL DYNAMICS ,6,29,12,3,3,0,1,Spring 22
AE31004-AIRCRAFT STABILITY AND CONTROL ,0,3,5,13,18,14,0,Spring 22
AE31006-COMPUTER APPLICATION IN AERO. ENGINEERING ,11,21,13,8,0,0,1,Spring 22
AE31008-THEORY OF JET PROPULSION ,2,5,39,2,5,0,0,Spring 22
AE31010-VISCOUS FLOW THEORY ,5,5,14,11,12,7,0,Spring 22
AE39002-SYSTEM LABORATORY ,6,20,14,8,1,3,2,Spring 22
AE39004-PROPULSION LABORATORY ,3,19,23,4,1,2,1,Spring 22
AE49003-AIRCRAFT DESIGN & OPTIMISATION ,11,8,16,10,7,1,0,Autumn 22
AE47007-PROJECT-I ,19,20,5,1,0,0,0,Autumn 22
HS20001-ECONOMICS ,0,0,1,1,0,1,0,Autumn 22
EE60038- ,1,2,2,2,2,0,0,Autumn 22
AE40031-COMPUTATIONAL FLUID DYNAMICS ,3,3,10,12,10,23,2,Autumn 22
AE40030-ADVANCED GAS TURBINE THEORY ,3,3,2,1,0,0,1,Autumn 22
IP60017- ,1,2,6,9,2,1,0,Autumn 22
HS30074-SCIENCE AND HUMANISM ,25,26,29,29,1,0,0,Autumn 22
HS30001-INTRODUCTION TO SOCIOLOGY ,1,18,26,1,1,0,0,Autumn 22
AT60006- ,4,8,7,0,0,1,0,Spring 22
AE40007-INTRODUCTION TO HELICOPTER ENGINEERING ,1,0,1,0,0,0,0,Autumn 22
ET61005- ,0,4,0,0,0,0,0,Autumn 22
HS20016-ENVIRONMENTAL HUMANITIES ,10,23,43,11,0,0,0,Autumn 22
EX41005-EARTH AND PLANETARY SYSTEMS ,0,0,1,1,0,0,0,Autumn 22
WM60005- ,2,0,1,0,1,0,0,Autumn 22
HS21201-ECONOMICS ,16,72,154,130,119,78,6,Autumn 22
HS60039- ,0,0,1,1,0,0,0,Autumn 22
MA40003-SYSTEMS PROGRAMMING ,9,16,15,6,10,11,0,Autumn 22
MA40007-THEORY OF COMPILER DESIGN ,0,1,0,0,0,0,0,Autumn 22
AE51026-HYPERSONIC AERODYNAMICS ,0,0,0,1,1,0,0,Spring 22
HS20002-GENERAL PSYCHOLOGY ,1,3,4,12,17,7,1,Autumn 22
AG31002-TRACTOR & POWER SYSTEMS ,14,25,13,1,2,0,0,Spring 22
AG31004-IRRIGATION & DRAINAGE ENGINEERING ,0,24,25,4,2,0,0,Spring 22
AG31006-FOOD SCIENCE & TECHNOLOGY ,0,3,11,22,13,5,0,Spring 22
AG31008-POST HARVEST ENGINEERING ,0,3,25,19,7,1,0,Spring 22
AG39002-TRACTOR & POWER SYSTEMS LABORATORY ,1,23,22,9,0,0,0,Spring 22
AG39004-IRRIGATION & DRAINAGE ENGINEERING LABORATORY ,10,28,9,6,1,1,0,Spring 22
AG39006-FOOD SCIENCE & TECHNOLOGY LABORATORY ,0,14,33,8,0,0,0,Spring 22
AG40011-TUBEWELLS AND PUMPS ,5,9,13,11,8,7,1,Autumn 22
AG47007-PROJECT-I ,6,19,10,3,0,0,1,Autumn 22
CS60065- ,6,4,8,5,3,3,0,Autumn 22
AG66001- ,11,0,0,0,0,0,0,Spring 22
AG60001- ,0,0,1,0,0,0,0,Autumn 22
AG60129- ,0,0,1,0,1,1,0,Autumn 22
AG60209- ,0,2,5,1,1,1,0,Autumn 22
AT30001-FUNDAMENTALS OF EMBEDDED CONTROL AND SOFTWARE ,3,19,39,26,10,0,4,Autumn 22
PH21204-OPTICS ,0,6,11,11,7,3,1,Spring 22
PH31201-QUANTUM MECHANICS ,4,3,5,9,12,4,2,Autumn 22
BM63015- ,0,0,0,0,0,0,1,Autumn 22
BM63059- ,0,0,2,1,1,2,1,Autumn 22
ES60011- ,6,12,5,3,2,0,0,Autumn 22
AG60103- ,0,0,0,1,1,0,0,Autumn 22
MA40205-THEORY OF ORDINARY DIFFERENTIAL EQUATIONS ,0,1,0,1,0,1,0,Autumn 22
HS60009- ,2,3,11,24,13,1,0,Autumn 22
EP61203- ,1,0,1,1,0,0,0,Autumn 22
AG60201- ,0,0,0,0,1,0,0,Autumn 22
MA41031-STOCHASTIC PROCESSES IN FINANCE ,21,13,21,17,17,10,2,Autumn 22
MA60237- ,1,12,18,11,0,0,0,Autumn 22
AG66002- ,3,0,0,0,0,0,0,Spring 22
EP67004- ,4,5,4,0,0,0,0,Spring 22
AG60301- ,0,0,0,0,0,1,0,Autumn 22
AR32002-ESTIMATION AND COSTING ,2,9,19,10,0,0,0,Spring 22
AR32004-HOUSING AND COMMUNITY PLANNING ,1,14,25,0,0,0,0,Spring 22
AR33202-ARCHITECTURAL DESIGN IV AND FIELD STUDY ,5,15,15,5,0,0,0,Spring 22
AR33204-INTERIOR DESIGN ,7,14,14,5,0,0,0,Spring 22
AR33206-WORKING DRAWING ,4,4,8,14,7,3,0,Spring 22
CE31004-DESIGN OF STEEL STRUCTURES ,8,22,38,39,14,5,0,Spring 22
CE31302-ENVIRONMENTAL ENGINEERING ,0,5,9,4,4,0,0,Spring 22
CE39006-STRUCTURAL DETAILING ,2,16,34,35,32,7,0,Spring 22
AR40023-BUILDING ACOUSTICS ,7,20,18,19,13,7,5,Autumn 22
AR42001-LANDSCAPE DESIGN & SITE PLANNING ,4,13,14,5,4,0,0,Autumn 22
AR43201-ARCHITECTURAL DESIGN - V & FIELD STUDY ,1,13,20,4,2,0,0,Autumn 22
AR43203-MATERIAL TESTING LAB ,0,39,1,0,0,0,0,Autumn 22
AR52006-BARRIER FREE ENVIRONMENT ,4,15,5,0,0,0,0,Autumn 22
CE39009-SOIL MECHANICS LABORATORY ,0,0,1,2,0,0,0,Autumn 22
ME40107-AIR CONDITIONING ,4,9,14,7,10,4,0,Autumn 22
HS20202-ECONOMETRIC ANALYSIS I ,9,44,15,0,0,0,0,Spring 22
BT31006-BIOINFORMATICS ,6,18,13,5,8,3,0,Spring 22
BT31010-PLANT CELL TISSUE CULTURE ,8,27,11,1,1,0,0,Spring 22
BT31014-IMMUNOLOGY ,6,11,13,10,7,1,0,Spring 22
BT39006-PLANT CELL & TISSUE CULTURE LABORATORY ,5,9,28,4,1,1,0,Spring 22
BT39008-BIOINFORMATICS LABORATORY ,23,7,3,6,2,2,0,Spring 22
CH39006-MASS TRANSFER LABORATORY ,47,78,37,14,8,5,3,Spring 22
BT40009-BIOPROCESS TECHNOLOGY ,0,4,13,21,8,1,0,Autumn 22
BT49001-ENZYME TECHNOLOGY LABORATORY ,6,14,18,5,4,0,0,Autumn 22
BT47007-PROJECT-I ,7,12,11,3,1,0,1,Autumn 22
MM60003- ,0,2,0,0,0,0,0,Autumn 22
MM40003-VACCINES AND IMMUNITY ,5,3,10,7,1,1,0,Autumn 22
MM61503- ,0,0,1,0,0,0,0,Autumn 22
CH40001-BIOCHEMICAL ENGINEERING ,9,18,25,19,16,13,6,Autumn 22
CY60005- ,1,0,5,1,1,1,0,Autumn 22
MM61207- ,2,1,2,1,0,1,0,Autumn 22
MM40005-MICROBIAL GENETICS AND GENETIC ENGINEERING ,2,1,1,0,0,0,0,Autumn 22
BT60007- ,0,1,0,0,0,0,0,Autumn 22
IP61025- ,0,0,0,0,1,1,0,Autumn 22
CR61026- ,0,1,1,0,0,2,0,Spring 22
EP61205- ,0,0,4,0,0,0,0,Autumn 22
BT47005-PROJECT - PART 1 ,0,1,0,0,0,0,0,Autumn 22
CE31002-FOUNDATION ENGINEERING ,1,3,4,8,30,29,10,Spring 22
CE39004-DESIGN SESSIONAL ,12,53,17,1,1,0,0,Spring 22
CE39008-CIVIL ENGG. DRAWING AND EST. ,15,17,36,12,4,1,1,Spring 22
CE41003-STRUCTURAL DYNAMICS & EARTHQUAKE ENGG. ,8,10,12,13,9,5,2,Autumn 22
CE47007-PROJECT-I ,8,15,20,2,0,2,4,Autumn 22
CE69021- ,4,19,38,18,4,3,0,Autumn 22
CE41601-SOLID WASTE MANAGEMENT ,9,15,5,1,1,0,1,Autumn 22
CE31111-DESIGN OF HYDRAULIC STRUCTURES ,4,16,11,12,7,5,0,Spring 22
HS30034-MANAGERIAL ECONOMICS ,3,7,4,1,0,0,1,Autumn 22
BM40004-INTRODUCTION TO HUMAN BEHAVIOUR IN ORGANISATION ,2,2,10,14,18,20,2,Autumn 22
HS60084- ,1,3,7,2,1,0,0,Autumn 22
MA29005-DESIGN & ANALYSIS OF ALGORITHMS LAB. ,0,2,0,0,0,0,0,Autumn 22
ET60003- ,1,1,2,1,0,0,0,Autumn 22
BT20204-CELL AND MOLECULAR BIOLOGY ,4,10,25,74,16,1,0,Spring 22
MM40017-BASICS OF RADIOBIOLOGY RADIOPHARMACEUTICAL CHEMISTRY AND IN VITRO DIAGNOSTIC TECHNIQUES ,1,0,0,0,0,0,0,Autumn 22
CL60008- ,1,7,2,0,0,0,0,Spring 22
CE60115- ,0,0,0,2,4,1,0,Autumn 22
CL60028- ,0,1,0,0,0,1,0,Spring 22
CL61012- ,0,1,0,1,0,0,0,Spring 22
CE60221- ,0,0,1,0,0,0,0,Autumn 22
CE41627-ADVANCED STRUCTURAL ANALYSIS ,0,0,2,2,1,0,0,Autumn 22
CE41629-THEORY OF ELASTICITY AND PLASTICITY ,0,2,2,1,0,0,0,Autumn 22
PH21206-QUANTUM PHYSICS ,8,40,19,6,5,4,3,Spring 22
CE60011- ,0,0,0,1,1,3,0,Autumn 22
CE60013- ,0,0,1,1,3,0,0,Autumn 22
CE60021- ,3,10,6,2,1,0,0,Autumn 22
CE60023- ,4,7,6,1,1,2,0,Autumn 22
CE60135- ,7,13,2,0,0,0,0,Autumn 22
CE69023- ,1,13,8,0,0,0,0,Autumn 22
HS40072-SOCIOLOGY OF  SCIENCE ,2,7,4,3,12,7,0,Autumn 22
MA21202-MODERN ALGEBRA ,2,25,55,13,0,1,0,Spring 22
CE60128- ,0,0,1,0,0,0,0,Spring 22
CD61004- ,1,2,3,1,0,1,0,Autumn 22
MA60035- ,0,0,1,0,0,0,0,Autumn 22
MA60259- ,1,15,43,14,6,1,1,Autumn 22
CH30012-TRANSPORT PHENOMENA ,4,9,19,40,26,7,0,Spring 22
CH30014-CHEMICAL PROCESS TECHNOLOGY ,10,50,31,14,0,0,0,Spring 22
CH30016-COMPUTER AIDED PROCESS ENGINEERING ,10,38,33,21,3,0,0,Spring 22
CH31010-MASS TRANSFER II ,10,49,40,6,0,0,0,Spring 22
CH39020-INSTRUMENTATION AND PROCESS CONTROL LABORATORY ,0,39,43,17,3,3,0,Spring 22
CH39022-PROCESS EQUIPMENT DESIGN-II ,26,51,26,2,0,0,0,Spring 22
CH47025-PROJECT-I ,18,22,16,8,5,1,1,Autumn 22
CH49015-REACTION ENGINEERING LABORATORY ,18,64,19,4,0,0,0,Autumn 22
CH49019-COMPUTER AIDED PROCESS ENGINEERING LAB. ,12,37,30,17,5,4,0,Autumn 22
MS31007-MATERIAL SCIENCE ,4,14,19,12,5,2,0,Autumn 22
CH62007- ,1,2,0,1,2,0,0,Autumn 22
CH62009- ,0,2,2,7,6,0,0,Autumn 22
MA60247- ,0,0,1,0,0,0,0,Autumn 22
CH42006-COMPUTER METHODS IN CHEM. ENGG. ,3,4,1,2,1,0,0,Spring 22
CH42014-FUEL TECHNOLOGY ,0,2,1,0,1,1,0,Spring 22
CH62021- ,4,1,1,0,0,0,0,Autumn 22
CH62047- ,0,0,1,0,0,0,0,Autumn 22
CH71002- ,0,1,0,1,0,0,0,Autumn 22
AT60201- ,2,6,6,4,1,0,0,Autumn 22
MA30006-SWITCHING & FINITE AUTOMATA ,4,12,36,12,0,0,0,Spring 22
MM61501- ,0,1,1,4,0,0,0,Autumn 22
BS20001-SCIENCE OF LIVING SYSTEM ,98,26,1,0,2,0,0,Spring 22
CS30002-OPERATING SYSTEMS ,24,28,36,25,13,0,0,Spring 22
CS31006-COMPUTER NETWORKS ,6,25,39,40,14,4,0,Spring 22
CS39002-OPERATING SYSTEMS LABORATORY ,60,18,16,14,18,0,0,Spring 22
CS39006-NETWORKS LAB. ,30,35,26,12,15,9,1,Spring 22
CS39008-PROJECT SEMINAR ,86,26,12,3,0,0,0,Spring 22
CS43002-DATABASE MANAGEMENT SYSTEMS ,12,12,17,8,1,0,0,Spring 22
EV20001-ENVIRONMENTAL SCIENCE ,88,26,10,1,2,0,0,Spring 22
CS41001-THEORY OF COMPUTATION ,15,23,43,26,12,7,1,Autumn 22
CS47007-PROJECT-I ,43,30,21,6,2,3,3,Autumn 22
CS60027- ,4,4,2,0,0,0,0,Autumn 22
CS60047- ,3,1,1,1,0,0,1,Autumn 22
MA60261- ,0,0,0,3,1,1,2,Autumn 22
BM63020- ,0,0,0,1,0,0,0,Spring 22
CS60059- ,0,0,0,1,0,0,0,Spring 22
HS30201-INDIAN ECONOMY ,6,21,28,11,2,1,0,Autumn 22
PH41014-CONDENSED MATTER PHYSICS-I ,3,63,15,5,1,0,0,Spring 22
CS60045- ,0,0,0,0,0,1,0,Spring 22
ET60023- ,0,0,0,0,0,2,0,Spring 22
CY31010-STRATEGIES & METHODS IN ORGANIC SYNTHESIS ,1,6,13,2,2,0,0,Spring 22
CY38002-VIVA ,2,3,3,9,7,0,0,Spring 22
CY39004-INORGANIC CHEMISTRY LABORATORY II ,10,11,3,0,0,0,0,Spring 22
CY41012-MOLECULAR THERMODYNAMICS & KINETICS ,7,50,14,4,2,1,0,Spring 22
CY41016-ANALYTICAL & ENVIRONMENTAL CHEMISTRY ,9,33,23,12,1,0,0,Spring 22
"CY41005-INORGANIC CHEMISTRY: PRINCIPLE,STRUCTURE & REACTIVITY ",7,4,5,4,3,1,0,Autumn 22
CY41007-GROUP THEORY FOR CHEMISTS ,1,3,1,9,4,6,0,Autumn 22
CY41011-PRINCIPLES OF ORGANIC SYNTHESIS ,1,4,7,5,7,0,0,Autumn 22
CY49001-ADVANCED INORGANIC CHEMISTRY LABORATORY ,5,11,7,1,0,0,0,Autumn 22
CY60101- ,2,7,4,2,8,6,2,Autumn 22
CY69101- ,10,9,1,3,1,0,0,Autumn 22
RD30002-TRANSFER AND MANAGEMENT OF RURAL TECHNOLOGY ,0,8,5,2,3,1,0,Spring 22
CS29003-ALGORITHMS LABORATORY ,6,2,2,0,1,0,0,Autumn 22
EC31002-DIGITAL COMMUNICATION ,19,29,51,32,7,1,0,Spring 22
EC31004-VLSI ENGG. ,28,56,30,15,7,1,1,Spring 22
EC31008-DIGITAL SIGNAL PROCESSING ,30,29,36,31,11,1,0,Spring 22
EC39002-DIGITAL COMMUNICATION LABORATORY ,14,22,46,46,5,5,0,Spring 22
EC39004-VLSI LABORATORY ,32,23,20,21,13,25,4,Spring 22
EC39006-DSP LABORATORY ,8,39,76,15,0,0,1,Spring 22
EC47007-PROJECT-I ,14,10,16,1,0,0,2,Autumn 22
EC49001-MICROCONTROLLER SYSTEMS LABORATORY ,41,60,22,14,0,0,0,Autumn 22
EC60501- ,1,0,3,2,0,0,0,Autumn 22
EC60503- ,2,1,0,0,0,0,0,Autumn 22
TE61002- ,2,1,1,1,2,1,0,Spring 22
MA60241- ,1,0,0,0,0,0,0,Autumn 22
EC60101- ,1,1,3,5,0,1,0,Autumn 22
TE60003- ,2,2,1,0,1,0,0,Autumn 22
EC47003-PROJECT-I ,10,17,13,5,0,0,3,Autumn 22
EC60307- ,4,4,1,0,0,0,0,Autumn 22
EC61215- ,2,2,0,1,1,0,0,Autumn 22
EC69213- ,6,0,0,0,0,0,0,Autumn 22
EC61205- ,2,1,1,0,0,0,0,Autumn 22
EC61207- ,0,1,1,0,2,0,0,Autumn 22
EC61213- ,2,1,1,0,0,0,0,Autumn 22
EC69209- ,3,0,1,0,0,0,0,Autumn 22
EC61201- ,5,6,13,13,5,9,0,Autumn 22
EC61203- ,8,7,2,12,10,12,0,Autumn 22
EC61211- ,12,9,10,14,6,0,0,Autumn 22
EC69211- ,34,14,1,1,0,0,0,Autumn 22
EE30004-EMBEDDED SYSTEMS ,3,24,44,46,22,2,0,Spring 22
EE31002-POWER SYSTEMS ,4,48,39,9,1,1,0,Spring 22
EE39002-POWER SYSTEMS LAB. ,1,20,45,24,11,0,1,Spring 22
EE39004-EMBEDDED SYSTEMS LAB. ,38,65,18,10,5,1,3,Spring 22
MA20106-PROBABILITY & STOCHASTIC PROCESSES ,69,19,10,4,1,1,0,Spring 22
EE41001-INDUSTRIAL INSTRUMENTATION ,2,10,18,36,51,64,7,Autumn 22
EE47009-PROJECT-I ,6,4,8,1,1,0,2,Autumn 22
EE49001-CONTROL AND ELECTRONIC SYSTEM DESIGN ,4,23,23,13,3,1,1,Autumn 22
IE30006-DATA COMMUNICATION ,2,10,30,12,7,0,0,Spring 22
EE41013-DIGITAL SIGNAL PROCESSING ,0,3,9,5,8,33,15,Autumn 22
EE60045- ,1,1,0,2,1,1,0,Autumn 22
EE60032- ,3,1,0,2,1,0,0,Autumn 22
ES60004- ,3,7,9,2,3,2,0,Autumn 22
EC21206-ELECTROMAGNETIC ENGINEERING ,39,41,65,18,4,0,0,Spring 22
EC21107-SEMICONDUCTOR DEVICES ,0,1,2,1,0,0,0,Autumn 22
MS60009- ,0,2,6,1,0,2,0,Autumn 22
PH31207-CLASSICAL MECHANICS ,4,10,6,11,5,1,1,Autumn 22
PH40023-ELECTRODYNAMICS ,0,1,0,0,0,0,0,Autumn 22
PH41004-OPTICS ,5,11,13,18,18,17,5,Autumn 22
EE60033- ,0,0,0,0,0,1,0,Autumn 22
EE69203- ,0,0,1,1,0,0,0,Autumn 22
EE47002-PROJECT ,6,8,6,0,0,0,2,Autumn 22
EE60031- ,1,0,1,0,0,0,0,Autumn 22
EE61201- ,1,0,0,0,0,0,0,Autumn 22
EE69247- ,1,0,0,0,0,0,0,Autumn 22
EE69249- ,1,0,0,0,0,0,0,Autumn 22
EE60023- ,0,0,0,1,0,0,0,Autumn 22
EE60025- ,0,0,0,0,0,1,0,Autumn 22
EE60026- ,0,0,0,0,1,0,0,Autumn 22
RT30019-SCI AND TECH. RUBBER & RUBBER LIKE MATERIALS ,1,0,3,9,10,17,4,Autumn 22
AT60203- ,1,0,1,0,0,0,0,Autumn 22
EE61203- ,2,1,0,1,0,1,0,Autumn 22
MM61509- ,1,0,0,0,0,0,0,Autumn 22
EE40013-DIGITAL SIGNAL PROCESSING ,5,6,14,32,21,71,16,Autumn 22
EE60037- ,6,8,7,7,5,2,0,Autumn 22
EE69205- ,13,15,6,1,0,0,0,Autumn 22
CL60201- ,0,0,0,2,0,0,0,Autumn 22
ET60007- ,0,0,1,0,0,0,0,Spring 22
EE60043- ,0,0,0,0,0,0,1,Spring 22
AT60005- ,0,2,0,0,0,0,0,Autumn 22
EE21004-MEASUREMENTS AND ELECTRONIC INSTRUMENTS ,0,0,0,9,11,2,2,Spring 22
EE29004-MEASUREMENTS AND ELECTRONIC INSTRUMENTS LAB. ,1,6,11,4,2,0,0,Spring 22
EX30008-GEOPHYSICAL SIGNAL PROCESSING ,3,10,7,2,1,0,0,Spring 22
EX31006-GRAVITY & MAGNETIC METHODS OF PROSPECTING ,0,1,12,7,3,1,0,Spring 22
EX38002-FIELD WORK ,2,10,12,0,0,0,0,Spring 22
EX39006-GRAVITY & MAGNETIC METHODS LAB. ,7,4,7,4,1,1,0,Spring 22
EX50017-GEOPHYSICAL INVERSE THEORY ,6,8,13,18,3,0,0,Spring 22
EX40009-SEISMOLOGY ,0,0,0,1,3,12,8,Autumn 22
EX41001-ELECTRICAL METHODS OF  PROSPECTING ,0,0,2,1,8,9,4,Autumn 22
EX41003-SEISMIC METHODS OF PROSPECTING ,0,0,0,2,6,14,2,Autumn 22
EX49001-ELECTRICAL METHODS LAB. ,0,2,16,2,3,0,1,Autumn 22
EX49003-SEISMIC METHODS LAB. ,0,0,1,3,6,12,2,Autumn 22
GG41001-GEOCHEMISTRY ,1,4,8,9,9,5,0,Autumn 22
IE30002-INSTRUMENTATION DEVICES-II ,2,7,23,5,1,1,0,Spring 22
IE39002-INSTRUMENTATION LABORATORY-II ,5,10,12,11,1,0,0,Spring 22
IE47007-PROJECT-I ,4,10,3,0,0,0,1,Autumn 22
IE49002-INSTRUMENTATION SYSTEM DESIGN ,3,15,13,0,0,1,0,Autumn 22
ET60017- ,0,1,0,0,0,0,0,Autumn 22
IE47003-PROJECT ,2,0,2,1,0,0,0,Autumn 22
MA41002-MODERN ALGEBRA ,5,22,8,3,1,0,0,Spring 22
MA60036- ,0,0,1,0,0,0,0,Spring 22
MA21203-COMBINATORICS AND GRAPH THEORY ,12,22,11,15,6,10,3,Autumn 22
MA60265- ,0,1,1,0,0,0,0,Autumn 22
IM31002-QUALITY ENGINEERING ,8,31,18,2,6,0,0,Spring 22
IM31006-SIMULATION ,8,28,18,8,3,0,0,Spring 22
IM31010-MANAGEMENT OF INVENTORY SYSTEMS ,4,28,18,11,4,0,0,Spring 22
IM31012-OPTIMISATION AND HEURISTIC METHODS ,11,8,12,18,12,4,0,Spring 22
IM39003-OPTIMISATION AND HEURISTIC METHODS PROJECT ,7,30,19,8,0,1,0,Spring 22
IM39006-SIMULATION LAB. ,14,44,7,0,0,0,0,Spring 22
ME30604-MACHINES TOOLS AND MACHINING ,21,188,57,11,1,0,1,Spring 22
ME39604-MACHINES TOOLS AND MACHINING LAB. ,13,206,52,7,0,1,0,Spring 22
IM41001-PRODUCT DEVELOPMENT ,12,30,11,7,3,2,0,Autumn 22
IM47003-PROJECT-I ,5,16,16,5,0,0,2,Autumn 22
IM48003-SUMMER TRAINING ,2,7,17,7,0,0,0,Autumn 22
IM49001-PRODUCT DEVELOPMENT PROJECT ,6,28,22,9,0,0,0,Autumn 22
MA60239- ,0,0,0,0,0,1,0,Autumn 22
GG30002-STRATIGRAPHY ,0,6,14,9,3,1,0,Spring 22
GG31004-SEDIMENTOLOGY ,5,12,12,4,0,0,0,Spring 22
GG31006-IGNEOUS PETROLOGY ,0,5,15,11,2,0,0,Spring 22
GG38002-FIELD WORK (3 WEEKS) ,2,7,4,2,16,2,0,Spring 22
GG39001-IGNEOUS PETROLOGY LAB. ,4,11,8,10,0,0,0,Spring 22
GG39008-SEDIMENTOLOGY LAB. ,2,3,8,4,11,3,2,Spring 22
GG41005-ORE GEOLOGY ,2,8,12,8,3,0,0,Autumn 22
GG41007-ADVANCED STRUCTURAL GEOLOGY ,0,2,4,10,11,5,1,Autumn 22
GG41011-GEOPHYSICAL PROSPECTING ,0,3,10,12,2,5,1,Autumn 22
GG49005-ORE GEOLOGY LAB. ,6,10,11,6,0,0,0,Autumn 22
GG49007-ADVANCED STRUCTURAL GEOLOGY LAB. ,2,20,10,1,0,0,0,Autumn 22
GG49011-GEOPHYSICAL PROSPECTING LAB. ,11,22,0,0,0,0,0,Autumn 22
HS30002-COMPARATIVE DEVELOPMENT PERSPECTIVE ,18,21,14,0,0,0,0,Spring 22
HS31082-MONETARY ECONOMICS ,31,23,1,0,0,0,0,Spring 22
HS38002-SEMINAR ,5,15,33,0,0,0,0,Spring 22
HS60020- ,1,2,0,0,0,0,0,Spring 22
HS40007-ECONOMETRIC ANALYSIS-II ,5,17,20,10,0,0,1,Autumn 22
HS49009-ECONOMETRIC ANALYSIS II LABORATORY ,13,23,16,1,0,0,0,Autumn 22
MA51109-COMPUTATIONAL STATISTICS ,0,6,11,14,17,6,0,Autumn 22
HS40093-INSTITUTIONAL ECONOMICS ,5,0,0,0,0,0,0,Autumn 22
MA30002-MODERN ALGEBRA ,0,4,37,22,4,0,0,Spring 22
MA38002-COMPREHENSIVE VIVA ,7,9,17,15,11,4,0,Spring 22
MA51002-MEASURE THEORY AND INTEGRATION ,1,8,25,26,3,0,0,Spring 22
MA41007-FUNCTIONAL ANALYSIS ,5,17,14,12,15,0,0,Autumn 22
MA41101-THEORY OF COMPILER DESIGN ,0,5,0,2,1,0,0,Autumn 22
MA49003-SYSTEMS PROGRAMMING LAB. ,5,15,19,20,4,0,0,Autumn 22
MA41103-FORMAL LANGUAGES AND THEORY OF COMPUTATION ,20,10,12,2,3,0,0,Autumn 22
ME22004-DYNAMICS OF MACHINES ,2,12,35,80,20,6,0,Spring 22
ME30602-DESIGN OF MACHINE ELEMENTS ,8,78,99,25,2,0,0,Spring 22
ME39602-MACHINE DESIGN PRACTICE ,6,49,59,40,37,21,1,Spring 22
ME39606-THERMO FLUIDS LAB. - I ,11,27,72,42,2,1,0,Spring 22
ME41001-APPLIED THERMO-FLUIDS I ,17,33,76,24,4,0,0,Spring 22
ME40601-SYSTEMS & CONTROL ,12,18,18,26,20,36,1,Autumn 22
ME40701-APPLIED THERMO FLUIDS-II ,4,9,13,14,18,13,1,Autumn 22
ME47603-PROJECT-I ,23,35,23,17,2,0,5,Autumn 22
ME49601-THERMO FLUIDS LAB-II ,5,30,28,7,1,0,1,Autumn 22
MF40201-MICRO-ELECTRO-MECHANICAL SYSTEMS (MEMS) ,0,1,2,2,2,2,0,Autumn 22
ME60235- ,2,6,14,10,18,12,1,Autumn 22
ME61003- ,1,0,1,5,1,0,0,Autumn 22
ME40111-MODERN METHODS OF MANUFACTURING ,3,14,17,19,6,1,0,Autumn 22
ME47601-PROJECT-I ,8,31,13,6,5,0,1,Autumn 22
MF49601-NON TRADITIONAL MANUFACTURING & CIM LAB. ,6,66,39,8,0,0,0,Autumn 22
ME60233- ,0,1,1,0,1,2,0,Autumn 22
MF40603-COMPUTER INTEGRATED MANUFACTURING ,6,11,22,15,5,0,1,Autumn 22
MF40301-RAPID PROTOTYPING ,0,0,0,0,0,1,0,Autumn 22
ME60401- ,2,3,2,0,2,3,0,Autumn 22
ME60405- ,1,0,2,4,4,0,1,Autumn 22
ME69035- ,2,5,3,2,0,0,0,Autumn 22
ME61203- ,0,3,3,2,1,0,0,Autumn 22
ME69601- ,1,3,0,2,0,2,1,Autumn 22
MA60044- ,0,0,0,1,0,0,0,Spring 22
IM21204-OPERATIONS RESEARCH II ,7,39,26,8,0,0,0,Spring 22
MT31012-MATERIAL CHARACTERIZATION ,5,41,21,3,0,0,0,Spring 22
MT31022-X-RAY DIFFRACTION & TRANSMISSION ELECTRON MICROSCOPY ,2,30,17,21,1,0,0,Spring 22
MT32008-IRON MAKING & STEELMAKING ,9,24,28,7,3,0,0,Spring 22
MT39004-MATERIALS CHARACTERISATION LAB. ,9,22,25,12,2,0,0,Spring 22
MT39022-X-RAY DIFFRACTION & TRANSMISSION ELECTRON MICROSCOPY LABORATORY ,5,27,30,8,1,0,0,Spring 22
MT41009-COMPUTER APPLICATIONS IN METALLURGICAL PROCESSES ,1,22,26,20,2,0,0,Spring 22
MT49009-COMPUTER APPLICATIONS IN METALLURGICAL PROCESSES LABORATORY ,3,33,21,9,5,0,0,Spring 22
MT41013-CORROSION & ENVIRONMENTAL DEGRADATION OF MATERIALS ,35,45,38,14,8,7,0,Autumn 22
MT41019-CASTING & SOLIDIFICATION ,3,6,5,15,7,8,1,Autumn 22
MT41027-DESIGN & SELECTION OF MATERIALS ,4,23,15,4,0,0,0,Autumn 22
MT47003-PROJECT-I ,10,22,15,6,0,0,1,Autumn 22
MT41011-PHYSICS OF MATERIALS ,8,5,4,4,4,3,2,Autumn 22
MT41037-POWDER METALLURGY ,1,5,4,4,2,1,1,Autumn 22
MT41023-COMPOSITE MATERIALS ,4,1,3,2,0,0,0,Autumn 22
MS60058- ,0,1,0,0,1,0,0,Spring 22
MT60201- ,1,2,0,0,0,0,0,Autumn 22
RT30018-RUBBER PROCESS ENGINEERING ,0,1,52,13,2,0,0,Spring 22
BM63098- ,0,0,1,0,0,0,0,Spring 22
MI31002-MINE HAZARDS AND RESCUE ,10,15,45,9,0,0,0,Spring 22
MI31004-ECONOMICS OF MINING ENTERPRISES ,10,15,16,22,16,0,0,Spring 22
MI31008-SURFACE MINING ,8,38,24,5,3,1,0,Spring 22
MI38002-FIELD TRIPS ,8,26,24,12,9,0,0,Spring 22
MI39002-MINE HAZARDS AND RESCUE LABORATORY ,4,11,36,22,4,2,0,Spring 22
MI40021-APPLIED ROCK ENGINEERING ,5,16,28,15,8,7,0,Spring 22
MI40001-ENVIRONMENTAL ENGINEERING ,7,17,18,13,9,13,2,Autumn 22
MI47005-PROJECT-I ,11,22,18,12,4,1,0,Autumn 22
MI69203- ,8,44,23,4,0,0,0,Autumn 22
CS60055- ,1,1,0,1,0,0,0,Autumn 22
MI61003- ,1,3,4,1,1,2,0,Autumn 22
MI60041- ,1,1,2,2,5,1,0,Autumn 22
MI62001- ,1,1,2,2,4,4,0,Autumn 22
MI60051- ,0,0,0,1,0,0,0,Autumn 22
NA31002-MARINE DESIGN ,2,21,21,4,2,1,0,Spring 22
NA31004-CAD-CAM MARINE DESIGN & PRODUCTION ,14,18,11,7,1,0,0,Spring 22
NA31006-SEAKEEPING & MANEUVERING ,1,7,30,7,5,1,0,Spring 22
NA39004-CAD-CAM LAB. ,2,28,19,2,0,0,0,Spring 22
NA39006-MARINE DESIGN LABORATORY - I ,7,28,14,2,0,0,0,Spring 22
NA47005-PROJECT-I ,4,12,8,4,0,0,1,Autumn 22
NA49005-MARINE STRUCTURAL LABORATORY ,12,25,37,17,13,3,0,Autumn 22
NA49007-MARINE DESIGN LABORATORY - II ,2,8,24,16,1,0,0,Autumn 22
AE61001- ,0,0,0,1,0,0,0,Autumn 22
CL69203- ,1,0,0,0,0,0,0,Autumn 22
PH38002-COMPREHENSIVE VIVA VOCE - I ,4,9,10,6,3,3,0,Spring 22
PH39008-ELECTROMAGNETISM & OPTICS LAB - III ,5,17,10,1,0,2,0,Spring 22
PH41008-MATHEMATICAL METHODS -II ,5,33,41,4,2,1,0,Spring 22
PH41010-QUANTUM MECHANICS-II ,2,59,15,9,1,0,0,Spring 22
PH41012-COMPUTATIONAL METHODS ,3,44,36,2,1,0,0,Spring 22
PH49012-COMPUTATIONAL PHYSICS LAB. ,12,25,28,13,5,3,0,Spring 22
PH49016-NUCLEAR & PARTICLE PHYSICS LAB I ,4,80,2,0,0,0,0,Spring 22
PH41017-CONDENSED MATTER PHYSICS-II ,3,5,7,22,25,24,0,Autumn 22
PH41019-NUCLEAR AND PARTICLE PHYSICS -II ,8,11,13,24,14,13,3,Autumn 22
PH41023-STATISTICAL PHYSICS-I ,4,16,26,18,11,11,0,Autumn 22
PH49001-CONDENSED MATTER PHYSICS LAB-I ,11,17,6,0,1,0,0,Autumn 22
PH49019-NUCLEAR AND PARTICLE PHYSICS LAB-II ,21,50,13,1,0,1,0,Autumn 22
PH60030- ,0,1,0,0,0,0,0,Spring 22
PH60058- ,1,2,0,0,0,0,0,Spring 22
CD61002- ,0,1,0,0,0,0,0,Spring 22
AE20202-INTRODUCTION TO FLIGHT VEHICLE CONTROLS ,3,14,22,20,9,3,2,Spring 22
AE21202-LOW SPEED AERODYNAMICS ,3,2,8,10,41,8,0,Spring 22
AE21204-INTRODUCTION TO AEROSPACE STRUCTURES ,4,15,32,14,6,1,1,Spring 22
AE29202-AERODYNAMICS LABORATORY - I ,25,30,9,4,3,0,1,Spring 22
AE29204-STRUCTURES LABORATORY - I ,20,40,7,3,2,0,0,Spring 22
EA10010-EXTRA ACADEMIC ACTIVITY-IV ,349,926,358,72,36,20,4,Spring 22
MA20202-TRANSFORM CALCULUS ,61,461,167,21,13,6,0,Spring 22
AE31007-MECHANICS OF FLIGHT ,1,4,5,21,24,12,3,Autumn 22
AE31009-AEROSPACE STRUCTURAL ANALYSIS ,3,18,17,17,12,4,0,Autumn 22
AE31103-HIGH SPEED AERODYNAMICS ,2,3,16,18,24,8,0,Autumn 22
AE39001-AERODYNAMICS LAB-II ,25,42,4,0,0,0,0,Autumn 22
AE39003-STRUCTURES LAB -II ,7,59,5,0,0,0,0,Autumn 22
AE39201-INNOVATION LABORATORY I ,0,47,7,12,6,0,0,Autumn 22
AE49012-FLIGHT TESTING LABORATORY ,45,25,0,0,0,0,0,Autumn 22
AE40033-FINITE ELEMENT METHODS ,0,0,4,4,3,0,1,Autumn 22
HS21201-ECONOMICS ,63,171,130,21,4,3,0,Spring 22
HS30073-ENVIRONMENTAL SOCIOLOGY ,9,26,27,3,0,0,0,Spring 22
MA20205-PROBABILITY AND STATISTICS ,78,121,162,253,305,303,130,Autumn 22
AG20202-CROP PRODUCTION TECHNOLOGY ,1,24,22,9,8,4,0,Spring 22
AG29202-CROP PRODUCTION TECHNOLOGY LABORATORY ,2,7,49,8,1,0,1,Spring 22
EC21201-BASIC ELECTRONICS ,108,305,119,28,4,2,0,Spring 22
EC29201-BASIC ELECTRONICS LABORATORY ,141,298,97,22,5,1,0,Spring 22
ME21202-BASIC THERMODYNAMICS ,9,33,58,144,53,11,5,Spring 22
AG31003-LAND & WATER RESOURCES ENGINEERING ,6,18,14,17,6,6,0,Autumn 22
AG31005-PRINCIPLES OF FOOD ENGINEERING ,4,6,7,15,11,17,7,Autumn 22
AG31201-DESIGN OF FARM MACHINERY ,0,5,17,27,15,3,0,Autumn 22
AG39003-LAND & WATER RESOURCES ENGINEERING LAB. ,16,27,18,5,0,1,0,Autumn 22
AG39005-FOOD ENGINEERING LAB. ,1,16,35,12,3,0,0,Autumn 22
AG39201-FARM MACHINERY LABORATORY ,1,49,16,0,0,0,1,Autumn 22
EP21201-INTRODUCTION TO INNOVATION AND ENTREPRENEURSHIP ,19,35,65,18,0,0,0,Spring 22
RE60024- ,0,1,0,0,0,0,0,Spring 22
RE60011- ,0,0,0,0,1,0,0,Autumn 22
AR20202-WATER SUPPLY AND SANITATION ,0,5,22,13,5,1,0,Spring 22
AR23302-ARCHITECTURAL DESIGN II ,8,11,24,1,1,0,0,Spring 22
AR23304-INDIGENOUS TECHNOLOGIES AND INNOVATIONS WORKSHOP ,5,7,25,6,4,0,0,Spring 22
AR28202-FIELD TRIP I ,4,16,26,1,0,0,0,Spring 22
AR29202-MATERIAL TESTING LABORATORY ,7,28,3,2,5,2,0,Spring 22
AR29204-BUILDING CONSTRUCTION SESSIONAL II ,3,12,26,0,5,1,0,Spring 22
CE21206-ELEMENTARY STRUCTURAL ANALYSIS ,0,2,17,26,2,0,0,Spring 22
CE29206-SURVEYING PRACTICE ,1,16,28,0,0,1,1,Spring 22
AR30201-DEVELOPMENT OF CONTEMPORARY ARCHITECTURE 1 ,5,8,10,11,8,5,0,Autumn 22
"AR30203-SPECIFICATION, ESTIMATION AND COSTING ",2,5,14,11,7,7,0,Autumn 22
AR32201-WORKING DRAWING I ,4,19,20,3,0,0,0,Autumn 22
AR34201-ARCHITECTURAL DESIGN III ,4,5,32,4,0,0,0,Autumn 22
CE31001-DESIGN OF RC STRUCTURE ,5,17,27,39,43,22,0,Autumn 22
EE30024-ILLUMINATION AND ELECTRICAL SERVICES ,0,6,10,16,11,3,0,Autumn 22
BT20202-PLANT TISSUE AND CELL CULTURE ,5,42,31,11,2,0,0,Spring 22
BT29202-PLANT TISSUE AND CELL CULTURE LABORATORY ,1,11,27,8,3,1,0,Spring 22
BT29204-CELL AND MOLECULAR BIOLOGY LABORATORY ,5,20,18,6,2,0,0,Spring 22
CH21202-MASS TRANSFER I ,0,7,34,81,46,6,1,Spring 22
BT30201-BIOPROCESS TECHNOLOGY ,3,7,9,18,7,7,0,Autumn 22
BT31201-GENETICS AND GENETIC ENGINEERING ,5,10,8,5,8,15,0,Autumn 22
BT39201-ANALYTICAL BIOCHEMISTRY LABORATORY ,13,20,17,1,0,0,0,Autumn 22
CH21203-CHEMICAL PROCESS CALCULATIONS ,13,38,43,44,20,19,0,Autumn 22
EP21201-INTRODUCTION TO INNOVATION AND ENTREPRENEURSHIP ,6,23,24,5,1,0,1,Autumn 22
MM61317- ,3,0,0,0,0,0,0,Autumn 22
CE21202-STRUCTURAL ANALYSIS ,8,19,36,35,5,5,0,Spring 22
CE21204-TRANSPORTATION ENGINEERING ,6,46,47,7,4,1,0,Spring 22
CE29202-GEOMATICS PRACTICE ,20,51,36,3,1,0,0,Spring 22
CE29204-TRANSPORTATION ENGINEERING LABORATORY ,15,67,23,4,2,0,0,Spring 22
CE30201-PAVEMENT ENGINEERING ,13,19,22,22,20,13,0,Autumn 22
CE30203-GEOTECHNICAL ENGINEERING ,2,11,12,18,16,31,15,Autumn 22
CE30205-WATER AND WASTEWATER ENGINEERING ,3,7,43,42,14,0,0,Autumn 22
CE32201-MATRIX STRUCTURAL ANALYSIS ,13,43,22,15,12,1,0,Autumn 22
CE39007-CONCRETE LABORATORY ,24,37,36,10,1,0,0,Autumn 22
CE39011-W & W.W. ENGINEERING LABORATORY ,0,13,70,26,0,0,0,Autumn 22
CE39203-GEOTECHNICAL ENGINEERING LABORATORY ,10,33,48,17,0,0,0,Autumn 22
PH21201-CLASSICAL DYNAMICS AND SPECIAL RELATIVITY ,0,1,0,0,2,3,1,Autumn 22
CE61003- ,0,1,0,0,0,0,0,Autumn 23
CH21204-HEAT TRANSFER ,0,3,111,6,3,1,0,Spring 22
CH21206-REACTION ENGINEERING ,11,88,21,2,0,1,0,Spring 22
CH21208-INSTRUMENTATION AND PROCESS CONTROL ,3,8,29,50,21,13,0,Spring 22
CH29202-FLUID FLOW LABORATORY AND DESIGN ,2,63,52,6,0,0,0,Spring 22
CH30014-CHEMICAL PROCESS TECHNOLOGY ,4,14,27,23,34,16,4,Autumn 22
CH31010-MASS TRANSFER II ,11,19,32,21,28,11,1,Autumn 22
CH31203-COMPUTER AIDED PROCESS ENGINEERING ,6,19,13,31,39,13,1,Autumn 22
CH39015-MECHANICAL OPERATIONS & HEAT TRANSFER LABORATORY ,12,51,30,21,7,0,1,Autumn 22
CH39020-INSTRUMENTATION AND PROCESS CONTROL LABORATORY ,19,42,41,18,2,0,1,Autumn 22
CH39023-PROCESS EQUIPMENT DESIGN-I ,17,60,42,3,0,1,0,Autumn 22
MA20203-THEORY OF PARTIAL DIFFERENTIAL EQUATIONS ,70,55,83,85,90,113,26,Autumn 22
EC60007- ,0,1,0,0,0,0,0,Autumn 23
ES61207- ,1,0,0,0,0,1,0,Autumn 22
PH31009-ELECTRONICS FOR PHYSICISTS ,0,0,1,0,0,0,0,Autumn 22
CS20202-SOFTWARE ENGINEERING ,37,51,46,10,7,2,1,Spring 22
CS21204-FORMAL LANGUAGE AND AUTOMATA THEORY ,9,31,26,39,24,23,1,Spring 22
CS29202-SOFTWARE ENGINEERING LABORATORY ,40,54,35,15,7,2,1,Spring 22
CS29206-SYSTEMS PROGRAMMING LABORATORY ,12,49,44,18,21,9,2,Spring 22
RD30011-RURAL INFRASTRUCTURE DEVELOPMENT AND MANAGEMENT ,6,11,7,3,1,0,0,Spring 22
CS31003-COMPILERS ,8,24,53,29,30,8,0,Autumn 22
CS31005-ALGORITHMS -II ,12,21,40,23,38,13,5,Autumn 22
CS31007-COMPUTER ORGANIZATION & ARCHITECTURE ,13,30,38,42,19,10,0,Autumn 22
CS39001-COMPUTER ORGANIZATION LABORATORY ,82,48,18,4,0,0,0,Autumn 22
CS39003-COMPILERS LABORATORY ,53,65,29,5,0,0,0,Autumn 22
MA20008-STATISTICAL INFERENCE ,17,23,0,0,0,0,0,Spring 22
IE20202-DATA COMMUNICATION ,11,37,53,22,11,0,1,Spring 22
HS30036-INTERCULTURAL COMMUNICATION ,1,9,2,0,0,0,0,Autumn 22
MA41024-INFORMATION AND CODING THEORY ,2,0,0,0,3,1,0,Spring 22
MA51108-ADVANCED COMPLEX ANALYSIS ,0,1,0,0,0,0,0,Spring 22
HS30037-PETROLEUM ECONOMICS AND MANAGEMENT ,0,1,0,0,0,0,0,Autumn 22
MA41108-STATISTICAL INFERENCE ,2,2,0,0,0,0,1,Spring 22
EE21204-CONTROL SYSTEM ENGINEERING ,11,31,58,48,16,3,2,Spring 22
CY20202-PHYSICAL CHEMISTRY II ,1,4,12,7,3,0,1,Spring 22
CY20204-CHEMISTRY OF 3D ELEMENTS ,4,7,11,4,2,0,0,Spring 22
CY20206-REAGENTS AND REACTIVITY ,3,9,4,7,4,1,0,Spring 22
CY29202-ORGANIC CHEMISTRY LABORATORY I ,2,9,7,3,7,0,0,Spring 22
CY29204-INORGANIC QUALITATIVE ANALYSIS LABORATORY ,4,21,2,1,0,0,0,Spring 22
"CY30201-CHEMISTRY OF MAIN GROUP ELEMENTS: RING, CHAINS, CLUSTERS ",4,9,9,2,3,0,0,Autumn 22
CY39001-PHYSICAL CHEMISTRY LABORATORY II ,6,20,2,0,0,0,0,Autumn 22
CY39003-ORGANIC CHEMISTRY LABORATORY II ,8,12,5,3,0,0,0,Autumn 22
CY41009-INTRODUCTION TO QUANTUM CHEMISTRY & SPECTROSCOPY ,1,5,3,6,4,7,2,Autumn 22
CY41201-SPECTROSCOPIC METHODS OF STRUCTURE DETERMINATION ,2,4,5,7,4,5,1,Autumn 22
"CY41215-INORGANIC CHEMISTRY: PRINCIPLE, STRUCTURE AND REACTIVITY ",5,4,7,5,4,3,0,Autumn 22
CY60004- ,0,0,0,0,0,1,0,Spring 22
CY60101- ,0,0,0,0,0,1,0,Spring 22
EC21202-DIGITAL ELECTRONIC CIRCUITS ,17,57,100,90,52,15,2,Spring 22
EC21204-LINEAR ALGEBRA AND OPTIMIZATION MODELS ,0,7,49,68,35,5,0,Spring 22
EC21208-SIGNALS AND SYSTEMS ,7,29,23,45,41,18,1,Spring 22
EC29202-DIGITAL CIRCUITS LABORATORY ,97,114,66,43,8,2,3,Spring 22
EC31005-RF & MICROWAVE ENGINEERING ,15,27,33,32,40,15,0,Autumn 22
EC31201-DIGITAL SIGNAL PROCESSING- I ,34,43,35,22,17,7,4,Autumn 22
EC31203-COMMUNICATION-I ,17,28,56,37,18,6,0,Autumn 22
EC31205-ALGORITHMS ,19,21,30,47,36,9,0,Autumn 22
EC39001-ANALOG COMMUNICATIONS LAB. ,25,62,58,16,1,0,0,Autumn 22
EC39005-MICROWAVE LABORATORY ,9,66,66,16,3,1,0,Autumn 22
EC39201-DSP LABORATORY ,48,63,32,18,0,0,0,Autumn 22
TE30002-INTRODUCTION TO WIRELESS COMMUNICATIONS ,1,2,0,0,0,0,0,Spring 22
EE21202-MEASUREMENT AND ELECTRONIC INSTRUMENTS ,2,14,27,83,36,9,0,Spring 22
EE21206-ELECTRICAL MACHINES ,0,4,10,74,28,7,2,Spring 22
EE29202-MEASUREMENT AND ELECTRONIC INSTRUMENTS LABORATORY ,22,62,59,22,4,0,1,Spring 22
EE29206-ELECTRICAL MACHINES LABORATORY ,13,58,33,11,3,3,0,Spring 22
EE31009-CONTROL SYSTEM ENGINEERING ,5,31,32,46,36,18,1,Autumn 22
EE31011-POWER ELECTRONICS ,5,19,38,31,17,8,4,Autumn 22
EE39006-POWER ELECTRONICS LAB. ,27,55,26,12,2,0,0,Autumn 22
EE39009-CONTROL AND INSTRUMENTATION LAB. ,15,61,59,30,5,0,0,Autumn 22
EE39203-DIGITAL SIGNAL PROCESSING LABORATORY ,25,59,51,19,7,4,0,Autumn 22
PH21203-ELECTROMAGNETISM ,3,1,6,12,9,6,1,Autumn 22
MT21201-INTRODUCTION TO ENGINEERING MATERIALS ,0,6,15,29,16,36,0,Autumn 22
MA20204-APPLIED COMPUTATIONAL METHODS ,22,20,37,48,19,4,0,Spring 22
ME29202-MECHATRONICS LABORATORY ,23,87,62,13,4,0,0,Spring 22
CS60012- ,1,0,0,0,0,0,0,Spring 22
MS60009- ,1,2,1,1,0,0,0,Spring 22
EX28202-FIELD WORK ,5,6,6,1,2,0,0,Spring 22
GG20202-STRUCTURAL GEOLOGY ,4,4,19,21,6,2,0,Spring 22
GG20204-PALEONTOLOGY AND  STRATIGRAPHY ,1,4,10,6,0,0,0,Spring 22
GG20206-PETROLOGY ,0,1,1,8,7,3,0,Spring 22
GG29202-STRUCTURAL GEOLOGY LABORATORY ,13,23,12,4,3,1,0,Spring 22
GG29204-DETERMINATIVE MINERALOGY LABORATORY ,0,8,22,20,5,1,0,Spring 22
GG21211-GEOPHYSICAL FIELD THEORY ,2,2,3,4,4,5,0,Autumn 22
GG30203-ELECTRICAL METHODS OF PROSPECTING ,1,1,2,3,2,6,5,Autumn 22
GG31003-MINERAL RESOURCES ,2,3,4,1,7,3,0,Autumn 22
GG31201-SEISMOLOGY ,0,0,0,0,2,9,9,Autumn 22
GG39209-ELECTRICAL METHODS LAB. ,0,2,8,6,4,0,0,Autumn 22
HS21205-MACROECONOMICS I ,0,0,0,3,4,0,1,Autumn 22
HS69013- ,0,1,0,0,0,0,0,Autumn 22
EE39201-INSTRUMENTATION SYSTEM DESIGN-1 ,4,17,16,9,1,0,0,Autumn 22
IE31001-INSTRUMENTATION DEVICES ,4,10,15,8,8,2,0,Autumn 22
IE39001-INSTRUMENTATION DEVICES LABORATORY ,5,14,11,17,0,0,0,Autumn 22
IM21202-MANAGEMENT OF INVENTORY SYSTEMS ,10,26,31,12,0,0,0,Spring 22
IM29202-WORK SYSTEM DESIGN LABORATORY ,33,46,0,0,0,0,0,Spring 22
IM29204-OPERATIONS RESEARCH LABORATORY ,45,25,5,0,3,1,0,Spring 22
IM31005-QUALITY DESIGN AND CONTROL ,7,10,26,20,10,5,1,Autumn 22
IM31006-SIMULATION ,6,12,21,21,14,5,0,Autumn 22
IM31201-SUPPLY CHAIN MANAGEMENT ,8,20,17,17,13,4,0,Autumn 22
IM31203-PRODUCTION PLANNING AND CONTROL ,8,14,31,13,7,6,0,Autumn 22
IM39005-QUALITY DESIGN AND CONTROL LABORATORY ,49,30,0,0,0,0,0,Autumn 22
IM39201-SIMULATION LAB ,44,30,4,1,0,0,0,Autumn 22
MA41022-PARTIAL DIFFERENTIAL EQUATIONS ,0,4,11,14,10,0,0,Spring 22
BM60203- ,0,0,0,1,0,0,0,Autumn 22
GG20208-THERMODYNAMICS OF GEOLOGICAL SYSTEMS ,4,6,8,10,6,2,0,Spring 22
GG28202-FIELD WORK ,12,11,6,3,4,0,0,Spring 22
AR20201-HISTORY OF ARCHITECTURE II ,2,25,14,3,0,2,0,Autumn 22
GG30217-ENGINEERING GEOLOGY ,2,5,7,5,9,8,0,Autumn 22
GG31005-MINERAL RESOURCES ,1,1,6,6,7,14,0,Autumn 22
GG31009-METAMORPHIC PETROLOGY ,1,1,1,4,15,14,0,Autumn 22
GG39009-METAMORPHIC PETROLOGY LAB. ,2,5,12,5,5,7,0,Autumn 22
GG39211-ENGINEERING GEOLOGY LAB. ,1,6,9,8,8,3,0,Autumn 22
GG49001-GEOCHEMISTRY LAB. ,17,13,5,0,0,0,0,Autumn 22
CL60004- ,0,0,0,1,0,0,0,Spring 22
ME21201-FLUID MECHANICS ,8,20,39,61,88,79,29,Autumn 22
HS20204-STATISTICS FOR ECONOMICS ,5,14,38,8,0,0,0,Spring 22
HS21202-MICROECONOMICS II ,7,27,22,8,1,0,0,Spring 22
HS21204-MACROECONOMICS II ,5,16,32,11,1,0,0,Spring 22
HS21206-DEVELOPMENT ECONOMICS ,2,10,34,19,0,0,0,Spring 22
HS30207-ECONOMETRIC ANALYSIS II ,5,23,19,12,6,0,0,Autumn 22
HS31201-PUBLIC FINANCE ,3,11,28,21,1,0,1,Autumn 22
HS39203-ECONOMETRIC ANALYSIS II LAB ,12,27,25,1,0,0,0,Autumn 22
HS60261- ,6,10,36,8,4,1,0,Autumn 22
BT60006- ,0,1,0,0,0,0,0,Spring 22
MA29202-NUMERICAL METHODS LABORATORY ,1,14,21,21,13,3,1,Spring 22
MA39207-OPTIMIZATION TECHNIQUES LAB ,22,36,16,0,0,0,0,Autumn 22
MA69201- ,3,10,33,18,10,0,0,Autumn 22
EG30002-ENERGY CONVERSION PROCESSES ,5,10,14,5,0,2,0,Spring 22
EM29201-ECONOMIC DATA ANALYSIS LABORATORY ,6,23,9,3,6,20,0,Autumn 22
IM20204-OPERATIONS RESEARCH ,11,52,118,50,17,7,2,Spring 22
ME29002-MECHANISM SESSIONAL ,9,99,115,28,5,0,1,Autumn 22
ME30005-HEAT TRANSFER ,17,50,72,60,31,21,5,Autumn 22
ME30602-DESIGN OF MACHINE ELEMENTS ,20,38,80,63,34,18,2,Autumn 22
"ME31201-CASTING, FORMING AND WELDING ",7,29,69,75,55,18,4,Autumn 22
ME31203-KINEMATICS AND KINETICS OF MACHINES ,14,31,54,64,48,44,2,Autumn 22
"ME39201-CASTING, FORMING AND WELDING LAB ",3,97,123,33,0,0,1,Autumn 22
MT30001-MATERIALS ENGINEERING ,20,118,74,36,5,3,1,Autumn 22
MF41601-SOFT COMPUTING ,0,2,0,0,0,0,0,Autumn 23
HS29201-ECONOMIC DATA ANALYSIS LABORATORY ,0,3,0,0,1,3,0,Autumn 22
ME29204-WORKSHOP PRACTICE ,3,44,18,5,0,0,0,Spring 22
MA41207-MATHEMATICAL ANALYSIS ,0,0,1,0,0,0,0,Autumn 22
RD30005-FUNDAMENTALS OF RURAL INNOVATION AND MANAGEMENT ,0,5,4,1,1,0,0,Spring 22
MT20202-MATERIALS PROCESSING ,2,3,43,16,11,1,0,Spring 22
MT20204-COMPUTER APPLICATIONS IN METALLURGICAL PROCESSES ,4,10,19,38,3,2,0,Spring 22
MT21202-DEFORMATION BEHAVIOUR OF MATERIALS ,10,30,30,6,0,0,0,Spring 22
MT21204-TRANSPORT PHENOMENA IN METALLURGICAL PROCESSES ,2,4,13,20,24,13,0,Spring 22
MT29202-MATERIALS PROCESSING LABORATORY ,9,37,25,4,1,0,0,Spring 22
MT29204-COMPUTER APPLICATIONS IN METALLURGICAL PROCESSES LABORATORY ,6,26,22,17,4,1,0,Spring 22
"MT31007-CREEP, FATIGUE AND FRACTURE ",7,8,16,25,13,7,0,Autumn 22
MT31009-MECHANICAL WORKING OF MATERIALS ,19,22,22,5,7,1,0,Autumn 22
MT31015-PRINCIPLES OF EXTRACTIVE METALLURGY ,0,4,10,21,32,5,3,Autumn 22
MT31017-PHASE TRANSFORMATION AND HEAT TREATMENT OF MATERIALS ,5,2,8,9,10,38,2,Autumn 22
MT39005-HEAT TREATMENT OF MATERIALS LAB. ,7,13,34,15,7,0,0,Autumn 22
MT39009-MECHANICAL TESTING AND WORKING LAB. ,19,33,24,0,0,0,0,Autumn 22
MI21202-MINE SURVEYING AND GEOINFORMATICS ,18,41,10,6,5,0,0,Spring 22
MI29202-MINE SURVEYING LABORATORY ,11,60,6,2,0,0,0,Spring 22
MI60226- ,9,1,18,18,4,1,0,Spring 22
MI30201-UNDERGROUND COAL MINING ,11,17,19,16,13,2,0,Autumn 22
MI30205-UNDERGROUND METAL MINING ,6,13,27,18,10,4,0,Autumn 22
MI31203-MINING MACHINERY AND AUTOMATION ,13,32,20,9,3,1,0,Autumn 22
MI31207-VENTILATION AND CLIMATE CONTROL ,8,14,12,24,16,4,0,Autumn 22
MI31211-MATERIAL HANDLING AND MINERAL ENGINEERING ,9,17,19,21,14,0,0,Autumn 22
MI39201-VENTILATION LABORATORY ,13,27,31,6,1,0,0,Autumn 22
MI39203-MINING MACHINERY LABORATORY ,21,41,15,1,0,0,0,Autumn 22
MI39205-MINERAL ENGINEERING LABORATORY ,19,55,4,0,0,0,0,Autumn 22
MI60242- ,0,6,0,0,0,0,0,Spring 22
MI60218- ,1,0,0,1,0,0,0,Spring 22
RT30019-SCI AND TECH. RUBBER & RUBBER LIKE MATERIALS ,0,1,0,0,0,1,0,Spring 22
NA20202-MARINE HYDRODYNAMICS ,3,24,19,4,5,3,0,Spring 22
NA20204-SHIP CONSTRUCTION AND PRODUCTION ,2,16,26,8,5,1,0,Spring 22
NA29202-HYDROSTATICS LABORATORY ,6,9,18,16,8,0,1,Spring 22
NA29204-LINESPLAN LABORATORY ,8,21,12,11,2,2,2,Spring 22
NA21004-SHIP STRENGTH ,8,7,13,14,8,7,0,Autumn 22
NA30201-PROPULSION ,4,13,14,16,11,0,0,Autumn 22
NA30203-RESISTANCE ,1,3,11,12,16,14,1,Autumn 22
NA31001-ELEMENTS OF OCEAN ENGINEERING ,4,5,20,16,8,5,0,Autumn 22
NA31004-CAD-CAM MARINE DESIGN & PRODUCTION ,1,1,8,8,8,27,5,Autumn 22
NA39011-HYDRODYNAMICS LABORATORY ,11,37,9,1,0,0,0,Autumn 22
NA39201-OCEAN ENGINEERING LAB ,2,18,33,4,0,0,0,Autumn 22
PH20202-MATHEMATICAL METHODS I ,2,19,7,4,2,2,0,Spring 22
PH21202-THERMAL PHYSICS ,5,22,8,1,0,0,0,Spring 22
PH29202-THERMAL PHYSICS LABORATORY ,3,10,18,2,3,0,0,Spring 22
PH29204-OPTICS LABORATORY ,13,18,4,0,0,1,0,Spring 22
PH30201-COMPUTATIONAL PHYSICS ,2,13,11,7,1,2,0,Autumn 22
PH30207-MATHEMATICS FOR PHYSICS II ,1,6,5,7,10,7,0,Autumn 22
PH31205-ELECTRODYNAMICS ,1,1,3,7,10,14,0,Autumn 22
PH39201-MODERN PHYSICS LAB ,11,13,11,0,1,0,0,Autumn 22
PH39209-COMPUTATIONAL PHYSICS LAB ,16,9,6,2,2,1,0,Autumn 22
PH20101-FLUID MECHANICS AND ELASTICITY ,4,1,1,0,0,0,0,Spring 22
PH40008-PHYSICS OF RADIATION GENERATORS ,1,1,0,0,0,0,0,Spring 22
PH60411- ,0,1,5,1,0,0,0,Autumn 22
GG30205-X-RAY CRYSTALLOGRAPHY ,0,1,0,0,0,0,0,Autumn 22
PH52005-ORDER & CHAOS ,0,0,0,0,0,1,0,Spring 22
PH57004-PROJECT PART II ,0,0,0,0,0,0,1,Spring 22
PH58050-COMPREHENSIVE VIVA I ,0,0,0,1,0,0,0,Spring 22
PH59010-CONDENSED MATTER PHYSICS LAB-II ,1,0,0,0,0,0,0,Spring 22
BS10003-SCIENCE OF LIVING SYSTEMS ,56,353,324,95,30,4,0,Spring 22
CE13003-ENGINEERING DRAWING AND COMPUTER GRAPHICS ,106,201,390,129,23,6,7,Spring 22
CS10003-PROGAMMING AND DATA STRUCTURES ,163,214,260,150,84,25,4,Spring 22
CS19003-PROGAMMING AND DATA STRUCTURES LABORATORY ,176,232,252,113,77,29,22,Spring 22
CY11003-CHEMISTRY ,114,488,194,46,11,9,0,Spring 22
CY19003-CHEMISTRY LABORATORY ,486,297,53,20,2,4,0,Spring 22
EA10008-EXTRA ACADEMIC ACTIVITY-II ,365,867,406,100,26,25,14,Spring 22
HS13003-ENGLISH FOR COMMUNICATION ,131,446,264,47,13,0,0,Spring 22
"MA11004-LINEAR ALGEBRA, NUMERICAL AND COMPLEX ANALYSIS ",390,580,458,228,96,54,1,Spring 22
AE21201-INTRODUCTION TO AERODYNAMICS ,7,15,21,18,7,5,3,Autumn 22
AE21203-DYNAMICS FOR AEROSPACE ENGINEERS ,0,2,11,38,11,9,4,Autumn 22
AE21205-THERMODYNAMICS AND AEROSPACE PROPULSION SYSTEMS ,6,18,21,21,7,1,1,Autumn 22
CH21205-MECHANICAL OPERATIONS ,7,21,40,30,22,8,2,Autumn 22
EA10009-EXTRA ACADEMIC ACTIVITY-III ,431,530,369,193,92,66,34,Autumn 22
EC21201-BASIC ELECTRONICS ,39,92,80,70,73,150,20,Autumn 22
EC29201-BASIC ELECTRONICS LABORATORY ,135,239,71,61,13,1,1,Autumn 22
MA20201-NUMERICAL SOLUTION OF ORDINARY AND PDE ,13,15,31,29,33,29,3,Autumn 22
DY17003-DIY PROJECT ,325,443,87,20,18,9,5,Spring 22
EE11003-ELECTRICAL TECHNOLOGY ,53,147,303,185,172,44,4,Spring 22
EN19003-ENGINEERING LABORATORY ,14,362,397,98,23,12,2,Spring 22
EV10003-ENVIRONMENTAL SCIENCE ,297,300,177,97,23,13,1,Spring 22
ME11003-BASIC ENGINEERING MECHANICS ,83,168,184,224,173,73,3,Spring 22
PH11003-PHYSICS OF WAVES ,193,330,191,119,56,18,1,Spring 22
PH19003-PHYSICS LABORATORY ,179,449,163,70,18,26,3,Spring 22
MA60269- ,0,0,0,0,0,0,1,Autumn 22
AR51013-ENERGY AND ENVIRONMENTAL SYSTEMS FOR GREEN BUILDINGS ,4,1,0,0,0,0,0,Autumn 22
AR20203-ADVANCED BUILDING MATERIALS AND COMPOSITES ,8,17,11,2,1,1,0,Autumn 22
AG20201-SOIL TECHNOLOGY ,9,13,23,17,7,4,1,Autumn 22
AG20203-THEORY OF MACHINE ELEMENTS ,5,2,41,16,7,3,0,Autumn 22
AG29201-SOIL TECHNOLOGY LABORATORY ,8,41,23,2,0,0,0,Autumn 22
AG29203-AGRICULTURAL BIOTECHNOLOGY LABORATORY ,5,45,22,1,0,0,1,Autumn 22
AR10302-HISTORY OF ARCHITECTURE 1 ,2,33,4,0,0,0,0,Spring 22
AR10304-BUILDING MATERIALS ,9,26,4,0,0,0,0,Spring 22
AR13302-BASIC DESIGN 2 ,2,11,14,5,6,1,0,Spring 22
AR13304-DESCRIPTIVE GEOMETRY 2 ,13,18,6,1,1,0,0,Spring 22
AR20205-BUILDING CONSTRUCTION ,3,11,9,8,6,2,0,Autumn 22
AR20207-CLIMATOLOGY AND SOLAR ARCHITECTURE ,2,7,6,10,3,12,0,Autumn 22
AR23301-ARCHITECTURAL DESIGN I ,3,21,15,0,0,0,0,Autumn 22
AR23303-COMPUTER AIDED DESIGN AND SIMULATION ,10,19,13,1,1,0,0,Autumn 22
AR29201-BUILDING CONSTRUCTION SESSIONAL I ,0,3,23,11,2,0,0,Autumn 22
BT20201-INTRODUCTION TO BIOTECHNOLOGY ,3,9,10,16,12,9,0,Autumn 22
BT20203-BIOCHEMISTRY ,5,6,11,19,14,6,0,Autumn 22
BT20205-MICROBIOLOGY ,3,8,11,15,15,6,2,Autumn 22
BT20207-BIOCHEMICAL REACTION ENGINEERING AND BIOENERGETICS ,2,4,15,12,18,9,0,Autumn 22
BT29203-BIOCHEMISTRY LABORATORY ,18,18,22,1,1,0,0,Autumn 22
BT29205-MICROBIOLOGY LABORATORY ,15,31,14,0,0,0,0,Autumn 22
BT29207-BIOCHEMICAL ENGGINEERING LABORATORY ,3,23,25,9,0,0,0,Autumn 22
CR61017- ,0,0,0,0,1,0,0,Autumn 22
CE20201-INTRODUCTION TO CIVIL ENGINEERING AND MATERIALS ,2,16,47,24,13,2,2,Autumn 22
CE20203-GEOMATICS ,11,38,37,15,4,0,1,Autumn 22
CE21201-SOLID MECHANICS ,9,18,26,48,45,37,5,Autumn 22
CE21203-HYDRAULICS ,13,16,38,33,5,0,1,Autumn 22
CE29203-HYDRAULIC AND WATER RESOURCES ENGINEERING LABORATORY ,8,48,42,5,2,1,0,Autumn 22
CH21201-CHEMICAL ENGINEERING THERMODYNAMICS ,3,16,38,34,12,20,4,Autumn 22
CH21207-FLUID MECHANICS ,6,27,50,31,8,1,0,Autumn 22
CH29201-FUEL LABORATORY ,11,88,22,4,1,0,0,Autumn 22
EM21203-MICROECONOMICS I ,5,17,13,23,6,3,0,Autumn 22
CS21201-DISCRETE STRUCTURES ,14,31,50,27,15,10,12,Autumn 22
CS21203-ALGORITHMS - I ,19,32,42,23,20,13,4,Autumn 22
CS29203-ALGORITHMS LABORATORY ,18,32,39,29,22,11,2,Autumn 22
EE21201-SIGNALS AND SYSTEMS ,8,67,107,94,31,10,4,Autumn 22
CY21201-PHYSICAL CHEMISTRY I ,0,0,0,4,9,7,13,Autumn 22
CY21203-MOLECULAR STRUCTURE AND BONDING ,3,7,9,8,4,2,0,Autumn 22
CY21205-FUNDAMENTALS OF ORGANIC REACTIONS ,4,6,5,6,4,6,2,Autumn 22
CY29201-PHYSICAL CHEMISTRY LABORATORY I ,6,14,11,2,0,0,0,Autumn 22
EA10003-EXTRA ACADEMIC ACTIVITY-III ,5,10,3,3,2,3,1,Autumn 22
CY49008-ADVANCED PHYSICAL CHEMISTRY LAB. ,13,21,15,5,0,0,0,Spring 22
CY58010-VIVA VOCE ,0,5,27,14,8,0,0,Spring 22
CY58003-SEMINAR ,29,16,7,1,1,0,0,Autumn 22
CY60103- ,1,0,2,1,1,1,0,Autumn 22
CY60013- ,0,2,0,1,0,0,0,Autumn 22
BS61001- ,0,1,1,0,0,0,0,Autumn 22
EC21203-NETWORK THEORY ,13,28,39,42,22,20,1,Autumn 22
EC21205-SEMICONDUCTOR DEVICES ,27,31,88,13,5,0,1,Autumn 22
EC21207-ANALOG ELECTRONIC CIRCUITS ,28,30,42,29,15,19,3,Autumn 22
EC29203-NETWORK THEORY LABORATORY ,35,57,41,25,5,2,0,Autumn 22
EC29205-DEVICES LABORATORY ,30,68,55,8,2,2,0,Autumn 22
EC29207-ANALOG  CIRCUITS LABORATORY ,22,60,56,19,6,0,2,Autumn 22
EE21203-NETWORK ANALYSIS ,2,14,43,41,37,27,4,Autumn 22
EE21205-ANALOG ELECTRONIC CIRCUITS ,5,19,37,30,39,29,8,Autumn 22
EE29201-SIGNALS AND NETWORKS LABORATORY ,15,65,65,14,8,1,0,Autumn 22
CS21001-DISCRETE STRUCTURES ,0,0,3,0,0,0,0,Autumn 22
AE21001-INTRODUCTION TO AERODYNAMICS ,0,1,1,1,0,0,0,Autumn 22
EX30004-GEOPHYSICAL FIELD THEORY ,1,1,3,5,4,6,0,Autumn 22
GG20005-INTRODUCTION TO EARTH SCIENCE ,1,0,4,4,5,4,2,Autumn 22
GG20205-INTRODUCTORY GEOPHYSICS ,3,9,6,11,11,13,2,Autumn 22
GG20211-MINERALOGY ,9,6,9,10,9,12,0,Autumn 22
GG29005-INTRODUCTION TO EARTH SCIENCE LAB. ,1,3,6,6,3,1,0,Autumn 22
GG21201-INTRODUCTION TO EARTH SCIENCE ,0,1,0,0,1,2,0,Autumn 22
GG21205-MINERALOGY ,1,0,0,1,0,2,0,Autumn 22
GG29201-INTRODUCTION TO EARTH SCIENCE LABORATORY ,0,0,1,1,1,0,1,Autumn 22
EX20201-PHYSICS OF THE SOLID EARTH ,0,0,1,0,1,1,0,Autumn 22
EX40006-GEOPHYSICAL SIGNAL PROCESSING ,2,9,8,3,2,0,0,Spring 22
EX40008-TIME VARYING FIELD AND ELECTROMAGNETIC METHODS ,0,5,6,8,4,1,0,Spring 22
EX40010-GRAVITY & MAGNETIC METHODS OF PROSPECTING ,3,2,6,8,4,1,0,Spring 22
EX48014-FIELD GEOPHYSICS(SEISMIC METHODS) ,24,0,0,0,0,0,0,Spring 22
EX48016-FIELD GEOPHYSICS(ELECT AND ELECTROMAG METHODS) ,23,0,1,0,0,0,0,Spring 22
EX49008-TIME VARYING FIELD AND ELECTROMAGNETIC METHODS LAB ,1,2,4,10,3,4,0,Spring 22
EX49010-GRAVITY & MAGNETIC METHODS OF  PROSPECTING LAB. ,10,13,0,0,0,1,0,Spring 22
EX58004-COMPREHENSIVE VIVA VOCE ,4,4,7,7,2,0,0,Spring 22
GG40010-REMOTE SENSING & GIS ,23,27,10,1,0,0,0,Spring 22
GG49010-REMOTE SENSING & GIS LAB. ,28,24,8,1,0,0,0,Spring 22
EX51007-RADIOMETRIC METHODS OF PROSPECTING ,2,5,9,7,0,0,1,Autumn 22
EX57005-PROJECT ,13,9,1,0,0,0,1,Autumn 22
EX58001-SEMINAR ,8,11,3,1,0,0,1,Autumn 22
EX59007-RADIOMETRIC METHODS OF PROSPECTING LAB. ,1,22,0,0,0,0,1,Autumn 22
GG30207-COMPUTER APPLICATIONS IN GEOPHYSICS ,2,0,0,0,0,0,1,Autumn 22
GG50009-GROUNDWATER & ENGINEERING GEOLOGY ,8,24,11,12,5,0,1,Autumn 22
"GG59009-GROUNDWATER & ENGINEERING GEOLOGY LAB.
 ",6,25,21,7,1,0,1,Autumn 22
IM21201-OPERATIONS RESEARCH I ,18,28,31,29,23,17,1,Autumn 22
IM21203-ENGINEERING ECONOMY ,14,35,18,9,2,0,0,Autumn 22
ME29201-INTRODUCTION TO BASIC MANUFACTURING PROCESSES ,35,164,97,32,9,0,0,Autumn 22
GG20203-SEDIMENTOLOGY ,1,4,1,7,12,10,0,Autumn 22
GG21207-INTRODUCTION TO EARTH SCIENCE ,1,4,6,3,9,11,1,Autumn 22
GG29207-SEDIMENTOLOGY LAB ,3,6,9,11,1,5,0,Autumn 22
GG29209-INTRODUCTION TO EARTH SCIENCE LAB ,1,4,6,14,6,4,0,Autumn 22
GG29203-PALEONTOLOGY LABORATORY ,0,1,1,0,0,0,0,Autumn 22
GG21203-PALEONTOLOGY ,0,1,0,0,0,0,0,Autumn 22
GG40008-SEDIMENTARY PETROLOGY ,22,15,0,0,0,0,0,Spring 22
GG40012-APPLIED PALEONTOLOGY ,7,22,6,2,0,0,0,Spring 22
GG40014-METAMORPHIC PHASE EQUILIBRIA ,1,10,22,3,1,0,0,Spring 22
GG48012-FIELD WORK(STRUCTURAL GEOLOGY) ,0,37,0,0,0,0,0,Spring 22
GG48014-FIELD WORK(SEDIMENTARY GEOLOGY) ,0,37,0,0,0,0,0,Spring 22
GG48016-FIELD WORK(ELECTRICAL RESISTIVITY SURVEY) ,37,0,0,0,0,0,0,Spring 22
GG49008-SEDIMENTARY PETROLOGY LAB. ,37,0,0,0,0,0,0,Spring 22
GG49012-APPLIED PALEONTOLOGY LAB. ,7,30,0,0,0,0,0,Spring 22
GG49014-METAMORPHIC PHASE EQUILIBRIA LAB. ,5,18,12,2,0,0,0,Spring 22
GG58020-COMPREHENSIVE VIVA VOCE ,5,10,9,10,3,0,0,Spring 22
GG50003-BASIN ANALYSIS ,5,32,0,0,0,0,0,Autumn 22
GG50005-APPLIED MINERALOGY ,6,12,9,10,0,0,0,Autumn 22
GG50007-ORE GENESIS ,4,7,14,8,3,1,0,Autumn 22
GG57003-PROJECT ,24,11,2,0,0,0,0,Autumn 22
GG58003-SEMINAR ,3,14,20,0,0,0,0,Autumn 22
GG59007-ORE GENESIS LAB ,9,21,7,0,0,0,0,Autumn 22
EM21205-MACROECONOMICS I ,4,10,12,20,11,6,2,Autumn 22
HS21203-MICROECONOMICS I ,0,0,0,2,1,1,0,Autumn 22
MA41004-TOPOLOGY ,8,22,7,0,0,0,0,Spring 22
MA41006-COMPLEX ANALYSIS ,17,14,6,0,0,0,0,Spring 22
MA49012-VIVA VOCE ,1,9,16,11,0,0,0,Spring 22
MA51003-FLUID MECHANICS ,0,1,7,9,15,5,0,Autumn 22
MA51005-ANALYTICAL MECHANICS ,1,7,14,10,2,3,0,Autumn 22
MA58005-SEMINAR ,10,19,8,0,0,0,0,Autumn 22
MA59009-PROJECT ,6,20,8,3,0,0,0,Autumn 22
MA61031- ,1,1,3,2,0,0,0,Autumn 22
MA61033- ,0,0,4,1,0,0,0,Autumn 22
MA71003- ,2,3,7,7,3,1,0,Autumn 22
ME21203-MECHANICS OF SOLIDS ,1,8,16,50,74,90,18,Autumn 22
ME21205-DYNAMICS ,14,26,53,72,57,30,6,Autumn 22
ME29203-MECHANICS OF SOLIDS LABORATORY ,17,54,86,68,31,0,1,Autumn 22
PH21209-ELECTROMAGNETISM ,0,6,9,9,8,5,2,Autumn 22
ME21207-THERMO-FLUID SCIENCE ,1,14,15,18,12,7,3,Autumn 22
MT21203-METALLURGICAL THERMODYNAMICS AND KINETICS ,2,11,15,10,9,32,0,Autumn 22
MT29201-INTRODUCTION TO ENGINEERING MATERIALS LABORATORY ,2,9,38,26,3,1,0,Autumn 22
MT29203-METALLURGICAL THERMODYNAMICS AND KINETICS LABORATORY ,11,17,30,9,10,2,0,Autumn 22
GG20201-GEOLOGY FOR ENGINEERS ,2,4,18,28,19,11,0,Autumn 22
GG29205-GEOLOGY LABORATORY ,8,24,30,16,2,1,0,Autumn 22
MI20201-DEVELOPMENT OF MINERAL DEPOSITS ,1,5,16,26,22,12,0,Autumn 22
MI21201-ROCK MECHANICS ,0,1,0,8,16,37,19,Autumn 22
NA20201-MECHANICS OF DEFORMABLE BODIES ,6,11,23,11,6,3,0,Autumn 22
NA20203-HYDROSTATICS AND STABILITY ,2,7,13,9,14,11,4,Autumn 22
EA19003-EXTRA ACADEMIC ACTIVITY-III ,1,14,10,2,5,3,2,Autumn 22
PH21205-CLASSICAL DYNAMICS AND SPECIAL RELATIVITY ,4,3,11,10,4,6,0,Autumn 22
PH29205-GENERAL PROPERTIES OF MATTER LAB ,7,22,7,2,0,0,0,Autumn 22
PH29207-ELECTROMAGNETISM LAB ,21,12,6,0,0,0,0,Autumn 22
PH29201-GENERAL PROPERTIES OF MATTER LABORATORY ,0,3,1,0,0,0,0,Autumn 22
PH29203-ELECTROMAGNETISM LABORATORY ,1,1,1,0,1,0,0,Autumn 22
PH49006-ELECTROMAGNETISM & OPTICS LAB. B ,14,27,7,3,0,0,0,Spring 22
PH58044-COMPREHENSIVE VIVA VOCE-I ,2,13,16,11,7,2,0,Spring 22
PH49009-CONDENSED MATTER PHYSICS LAB-I ,13,30,7,0,1,0,0,Autumn 22
PH49025-PROJECT PART I ,7,16,20,5,3,0,0,Autumn 22
PH58045-SEMINAR ,23,28,0,0,0,0,0,Autumn 22
PH60116- ,3,1,1,0,0,0,0,Autumn 22
